OTU	Taxonomy
otu_1	d__Archaea;p__Halobacteriota;c__Methanosarcinia;o__Methanosarcinales;f__Methanoperedenaceae;g__;s__
otu_2	d__Archaea;p__Halobacteriota;c__Methanosarcinia;o__Methanosarcinales;f__Methanoperedenaceae;g__Methanoperedens;s__
otu_3	d__Archaea;p__Halobacteriota;c__Methanosarcinia;o__Methanosarcinales;f__Methanoperedenaceae;g__Methanoperedens;s__
otu_4	d__Archaea;p__Halobacteriota;c__Methanosarcinia;o__Methanosarcinales;f__Methanoperedenaceae;g__Methanoperedens;s__
otu_5	d__Archaea;p__Halobacteriota;c__Methanosarcinia;o__Methanosarcinales;f__Methanoperedenaceae;g__Methanoperedens;s__
otu_6	d__Archaea;p__Halobacteriota;c__Methanosarcinia;o__Methanosarcinales;f__Methanoperedenaceae;g__Methanoperedens;s__
otu_7	d__Archaea;p__Halobacteriota;c__Methanosarcinia;o__Methanosarcinales;f__Methanoperedenaceae;g__Methanoperedens;s__
otu_8	d__Archaea;p__Halobacteriota;c__Methanosarcinia;o__Methanosarcinales;f__Methanoperedenaceae;g__Methanoperedens;s__
otu_9	d__Archaea;p__Halobacteriota;c__Methanosarcinia;o__Methanosarcinales;f__Methanoperedenaceae;g__Methanoperedens;s__
otu_10	d__Archaea;p__Halobacteriota;c__Methanosarcinia;o__Methanosarcinales;f__Methanoperedenaceae;g__Methanoperedens;s__
otu_11	d__Archaea;p__Halobacteriota;c__Methanosarcinia;o__Methanosarcinales;f__Methanoperedenaceae;g__Methanoperedens;s__
otu_12	d__Archaea;p__Halobacteriota;c__Methanosarcinia;o__Methanosarcinales;f__Methanoperedenaceae;g__Methanoperedens;s__
otu_13	d__Archaea;p__Halobacteriota;c__Methanosarcinia;o__Methanosarcinales;f__Methanoperedenaceae;g__Methanoperedens;s__
otu_14	d__Archaea;p__Halobacteriota;c__Methanosarcinia;o__Methanosarcinales;f__Methanoperedenaceae;g__Methanoperedens;s__
otu_15	d__Archaea;p__Halobacteriota;c__Methanosarcinia;o__Methanosarcinales;f__Methanoperedenaceae;g__Methanoperedens;s__
otu_16	d__Archaea;p__Halobacteriota;c__Methanosarcinia;o__Methanosarcinales;f__Methanoperedenaceae;g__Methanoperedens;s__
otu_17	d__Archaea;p__Halobacteriota;c__Methanosarcinia;o__Methanosarcinales;f__Methanoperedenaceae;g__Methanoperedens;s__
otu_18	d__Archaea;p__Halobacteriota;c__Methanosarcinia;o__Methanosarcinales;f__Methanoperedenaceae;g__Methanoperedens;s__
otu_19	d__Archaea;p__Halobacteriota;c__Methanosarcinia;o__Methanosarcinales;f__Methanoperedenaceae;g__Methanoperedens;s__
otu_20	d__Archaea;p__Halobacteriota;c__Methanosarcinia;o__Methanosarcinales;f__Methanoperedenaceae;g__Methanoperedens;s__
otu_21	d__Archaea;p__Halobacteriota;c__Methanosarcinia;o__Methanosarcinales;f__Methanoperedenaceae;g__Methanoperedens;s__
otu_22	d__Archaea;p__Halobacteriota;c__Methanosarcinia;o__Methanosarcinales;f__Methanoperedenaceae;g__Methanoperedens;s__
otu_23	d__Archaea;p__Halobacteriota;c__Methanosarcinia;o__Methanosarcinales;f__Methanoperedenaceae;g__Methanoperedens;s__
otu_24	d__Archaea;p__Halobacteriota;c__Methanosarcinia;o__Methanosarcinales;f__Methanoperedenaceae;g__Methanoperedens;s__
otu_25	d__Archaea;p__Halobacteriota;c__Methanosarcinia;o__Methanosarcinales;f__Methanoperedenaceae;g__Methanoperedens;s__
otu_26	d__Archaea;p__Halobacteriota;c__Methanosarcinia;o__Methanosarcinales;f__Methanoperedenaceae;g__Methanoperedens;s__
otu_27	d__Archaea;p__Halobacteriota;c__Methanosarcinia;o__Methanosarcinales;f__Methanoperedenaceae;g__Methanoperedens;s__
otu_28	d__Archaea;p__;c__;o__;f__;g__;s__
otu_29	d__Archaea;p__Aenigmatarchaeota;c__Aenigmatarchaeia;o__Aenigmatarchaeales;f__Aenigmatarchaeaceae;g__;s__
otu_30	d__Archaea;p__Aenigmatarchaeota;c__Aenigmatarchaeia;o__Aenigmatarchaeales;f__Aenigmatarchaeaceae;g__;s__
otu_31	d__Archaea;p__Aenigmatarchaeota;c__Aenigmatarchaeia;o__Aenigmatarchaeales;f__Aenigmatarchaeaceae;g__;s__
otu_32	d__Archaea;p__Aenigmatarchaeota;c__Aenigmatarchaeia;o__Aenigmatarchaeales;f__Aenigmatarchaeaceae;g__JAWBOD01;s__
otu_33	d__Archaea;p__Aenigmatarchaeota;c__Aenigmatarchaeia;o__Aenigmatarchaeales;f__JAHLMS01;g__;s__
otu_34	d__Archaea;p__Aenigmatarchaeota;c__Aenigmatarchaeia;o__GW2011-AR5;f__GW2011-AR5;g__;s__
otu_35	d__Archaea;p__Aenigmatarchaeota;c__Aenigmatarchaeia;o__GW2011-AR5;f__GW2011-AR5;g__GW2011-AR5;s__
otu_36	d__Archaea;p__Aenigmatarchaeota;c__Aenigmatarchaeia;o__QMZP01;f__JAFGSV01;g__;s__
otu_37	d__Archaea;p__Aenigmatarchaeota;c__Aenigmatarchaeia;o__QMZP01;f__QMZT01;g__;s__
otu_38	d__Archaea;p__Aenigmatarchaeota;c__Aenigmatarchaeia;o__QMZP01;f__QMZT01;g__JBGPQP01;s__
otu_39	d__Archaea;p__Altiarchaeota;c__Altiarchaeia;o__JAFGQM01;f__JAFGQM01;g__;s__
otu_40	d__Archaea;p__Halobacteriota;c__Bog-38;o__Bog-38;f__Bog-38;g__Bog-38;s__
otu_41	d__Archaea;p__Halobacteriota;c__Bog-38;o__Bog-38;f__Bog-38;g__Bog-38;s__
otu_42	d__Archaea;p__Halobacteriota;c__Bog-38;o__Bog-38;f__Bog-38;g__Bog-38;s__
otu_43	d__Archaea;p__Halobacteriota;c__Bog-38;o__Bog-38;f__Bog-38;g__Bog-38;s__
otu_44	d__Archaea;p__Halobacteriota;c__Bog-38;o__Bog-38;f__Bog-38;g__Bog-38;s__
otu_45	d__Archaea;p__Halobacteriota;c__Bog-38;o__Bog-38;f__Bog-38;g__Bog-38;s__
otu_46	d__Archaea;p__Halobacteriota;c__Bog-38;o__Bog-38;f__Bog-38;g__Bog-38;s__
otu_47	d__Archaea;p__Halobacteriota;c__Bog-38;o__Bog-38;f__Bog-38;g__Bog-38;s__
otu_48	d__Archaea;p__Halobacteriota;c__Bog-38;o__Bog-38;f__Bog-38;g__Bog-38;s__
otu_49	d__Archaea;p__Halobacteriota;c__Bog-38;o__Bog-38;f__Bog-38;g__Bog-38;s__
otu_50	d__Archaea;p__Halobacteriota;c__Bog-38;o__Bog-38;f__Bog-38;g__Bog-38;s__
otu_51	d__Archaea;p__Halobacteriota;c__Bog-38;o__Bog-38;f__Bog-38;g__Bog-38;s__
otu_52	d__Archaea;p__Halobacteriota;c__Bog-38;o__Bog-38;f__Bog-38;g__Bog-38;s__
otu_53	d__Archaea;p__Halobacteriota;c__Bog-38;o__Bog-38;f__Bog-38;g__Bog-38;s__
otu_54	d__Archaea;p__Halobacteriota;c__Bog-38;o__Bog-38;f__Bog-38;g__Bog-38;s__
otu_55	d__Archaea;p__Halobacteriota;c__Bog-38;o__Bog-38;f__Bog-38;g__Bog-38;s__
otu_56	d__Archaea;p__Halobacteriota;c__Bog-38;o__Bog-38;f__Bog-38;g__Bog-38;s__
otu_57	d__Archaea;p__Halobacteriota;c__Bog-38;o__Bog-38;f__Bog-38;g__Bog-38;s__
otu_58	d__Archaea;p__Halobacteriota;c__Bog-38;o__Bog-38;f__Bog-38;g__Bog-38;s__
otu_59	d__Archaea;p__Halobacteriota;c__Bog-38;o__Bog-38;f__Bog-38;g__Bog-38;s__
otu_60	d__Archaea;p__Halobacteriota;c__Bog-38;o__Bog-38;f__Bog-38;g__Bog-38;s__
otu_61	d__Archaea;p__Halobacteriota;c__Bog-38;o__Bog-38;f__Bog-38;g__Bog-38;s__
otu_62	d__Archaea;p__Halobacteriota;c__Bog-38;o__Bog-38;f__Bog-38;g__Bog-38;s__
otu_63	d__Archaea;p__Halobacteriota;c__Methanomicrobia;o__Methanomicrobiales;f__Methanospirillaceae;g__Methanoregula;s__
otu_64	d__Archaea;p__Halobacteriota;c__Methanomicrobia;o__Methanomicrobiales;f__Methanospirillaceae;g__Methanoregula;s__
otu_65	d__Archaea;p__Halobacteriota;c__Methanomicrobia;o__Methanomicrobiales;f__Methanospirillaceae;g__Methanoregula;s__
otu_66	d__Archaea;p__Halobacteriota;c__Methanomicrobia;o__Methanomicrobiales;f__Methanospirillaceae;g__Methanoregula;s__
otu_67	d__Archaea;p__Halobacteriota;c__Methanomicrobia;o__Methanomicrobiales;f__Methanospirillaceae;g__Methanoregula;s__
otu_68	d__Archaea;p__Halobacteriota;c__Methanomicrobia;o__Methanomicrobiales;f__Methanospirillaceae;g__Methanoregula;s__
otu_69	d__Archaea;p__Halobacteriota;c__Methanomicrobia;o__Methanomicrobiales;f__Methanospirillaceae;g__Methanoregula;s__
otu_70	d__Archaea;p__Halobacteriota;c__Methanomicrobia;o__Methanomicrobiales;f__Methanospirillaceae;g__MVRE01;s__
otu_71	d__Archaea;p__Halobacteriota;c__Methanomicrobia;o__Methanomicrobiales;f__Methanospirillaceae;g__MVRE01;s__
otu_72	d__Archaea;p__Halobacteriota;c__Methanomicrobia;o__Methanomicrobiales;f__Methanospirillaceae;g__MVRE01;s__
otu_73	d__Archaea;p__Halobacteriota;c__Methanomicrobia;o__Methanomicrobiales;f__Methanospirillaceae;g__MVRE01;s__
otu_74	d__Archaea;p__Halobacteriota;c__Methanomicrobia;o__Methanomicrobiales;f__Methanospirillaceae;g__MVRE01;s__
otu_75	d__Archaea;p__Halobacteriota;c__Methanomicrobia;o__Methanomicrobiales;f__Methanospirillaceae;g__MVRE01;s__
otu_76	d__Archaea;p__Halobacteriota;c__Methanomicrobia;o__Methanomicrobiales;f__Methanospirillaceae;g__MVRE01;s__
otu_77	d__Archaea;p__Halobacteriota;c__Methanomicrobia;o__Methanomicrobiales;f__Methanospirillaceae;g__MVRE01;s__
otu_78	d__Archaea;p__Halobacteriota;c__Methanomicrobia;o__Methanomicrobiales;f__Methanospirillaceae;g__MVRE01;s__
otu_79	d__Archaea;p__Halobacteriota;c__Methanomicrobia;o__Methanomicrobiales;f__Methanospirillaceae;g__MVRE01;s__MVRE01 sp026394595
otu_80	d__Archaea;p__Halobacteriota;c__Methanosarcinia;o__Methanotrichales;f__Methanotrichaceae;g__Methanothrix;s__
otu_81	d__Archaea;p__Halobacteriota;c__Methanosarcinia;o__Methanotrichales;f__Methanotrichaceae;g__Methanothrix;s__
otu_82	d__Archaea;p__Iainarchaeota;c__Iainarchaeia;o__Iainarchaeales;f__GCA-2688035;g__;s__
otu_83	d__Archaea;p__Methanobacteriota;c__Methanobacteria;o__Methanobacteriales;f__Methanobacteriaceae;g__Methanobacterium;s__
otu_84	d__Archaea;p__Methanobacteriota_B;c__Thermococci;o__Methanofastidiosales;f__;g__;s__
otu_85	d__Archaea;p__Micrarchaeota;c__Micrarchaeia;o__Anstonellales;f__J096;g__JAPLWW01;s__
otu_86	d__Archaea;p__Nanobdellota;c__Nanobdellia;o__;f__;g__;s__
otu_87	d__Archaea;p__Nanobdellota;c__Nanobdellia;o__CSSed11-243R1;f__CSSed11-243R1;g__;s__
otu_88	d__Archaea;p__Nanobdellota;c__Nanobdellia;o__Pacearchaeales;f__GW2011-AR1;g__CAIPOI01;s__
otu_89	d__Archaea;p__Nanobdellota;c__Nanobdellia;o__Pacearchaeales;f__GW2011-AR1;g__JAKLIN01;s__
otu_90	d__Archaea;p__Nanobdellota;c__Nanobdellia;o__Pacearchaeales;f__GW2011-AR1;g__JAOAJC01;s__
otu_91	d__Archaea;p__Nanobdellota;c__Nanobdellia;o__Pacearchaeales;f__GW2011-AR1;g__JAOAJC01;s__
otu_92	d__Archaea;p__Nanobdellota;c__Nanobdellia;o__Pacearchaeales;f__GW2011-AR1;g__JAQUKY01;s__
otu_93	d__Archaea;p__Nanobdellota;c__Nanobdellia;o__Pacearchaeales;f__GW2011-AR1;g__MWBV01;s__
otu_94	d__Archaea;p__Nanobdellota;c__Nanobdellia;o__Pacearchaeales;f__GW2011-AR1;g__MWBV01;s__
otu_95	d__Archaea;p__Nanobdellota;c__Nanobdellia;o__Pacearchaeales;f__GW2011-AR1;g__MWBV01;s__
otu_96	d__Archaea;p__Nanobdellota;c__Nanobdellia;o__Pacearchaeales;f__GW2011-AR1;g__RBG-13-33-26;s__
otu_97	d__Archaea;p__Nanobdellota;c__Nanobdellia;o__SCGC-AAA011-G17;f__VGLX01;g__JAWABC01;s__
otu_98	d__Archaea;p__Nanobdellota;c__Nanobdellia;o__UBA10117;f__UBA10117;g__CAIPHS01;s__
otu_99	d__Archaea;p__Nanobdellota;c__Nanobdellia;o__UBA10117;f__UBA10117;g__DATEUM01;s__
otu_100	d__Archaea;p__Nanobdellota;c__Nanobdellia;o__Woesearchaeales;f__JAGVZT01;g__;s__
otu_101	d__Archaea;p__Nanobdellota;c__Nanobdellia;o__Woesearchaeales;f__JANQNQ01;g__;s__
otu_102	d__Archaea;p__Thermoplasmatota;c__E2;o__DHVEG-1;f__DHVEG-1;g__SG8-52-3;s__
otu_103	d__Archaea;p__Thermoplasmatota;c__E2;o__DHVEG-1;f__DHVEG-1;g__SM1-50;s__
otu_104	d__Archaea;p__Thermoplasmatota;c__E2;o__DHVEG-1;f__DHVEG-1;g__SM1-50;s__
otu_105	d__Archaea;p__Thermoplasmatota;c__E2;o__DHVEG-1;f__DHVEG-1;g__SM1-50;s__
otu_106	d__Archaea;p__Thermoplasmatota;c__E2;o__DHVEG-1;f__DHVEG-1;g__SM1-50;s__
otu_107	d__Archaea;p__Thermoplasmatota;c__E2;o__DHVEG-1;f__DHVEG-1;g__SM1-50;s__
otu_108	d__Archaea;p__Thermoplasmatota;c__E2;o__DHVEG-1;f__DHVEG-1;g__SM1-50;s__
otu_109	d__Archaea;p__Thermoplasmatota;c__E2;o__DHVEG-1;f__DHVEG-1;g__SM1-50;s__
otu_110	d__Archaea;p__Thermoplasmatota;c__E2;o__DHVEG-1;f__DHVEG-1;g__SM1-50;s__
otu_111	d__Archaea;p__Thermoplasmatota;c__E2;o__DHVEG-1;f__DHVEG-1;g__SM1-50;s__SM1-50 sp002506745
otu_112	d__Archaea;p__Thermoplasmatota;c__E2;o__DHVEG-1;f__DHVEG-1;g__SM1-50;s__SM1-50 sp017885605
otu_113	d__Archaea;p__Thermoplasmatota;c__E2;o__DHVEG-1;f__DHVEG-1;g__SM1-50;s__SM1-50 sp017885605
otu_114	d__Archaea;p__Thermoplasmatota;c__E2;o__DHVEG-1;f__DHVEG-1;g__SM1-50;s__SM1-50 sp017885605
otu_115	d__Archaea;p__Thermoplasmatota;c__Thermoplasmata;o__Methanomassiliicoccales;f__JACIVX01;g__JAJRAG01;s__
otu_116	d__Archaea;p__Thermoplasmatota;c__Thermoplasmata;o__Methanomassiliicoccales;f__JACIVX01;g__JAJRAG01;s__JAJRAG01 sp041478695
otu_117	d__Archaea;p__Thermoplasmatota;c__Thermoplasmata;o__Methanomassiliicoccales;f__JACIVX01;g__JAJRAG01;s__JAJRAG01 sp041478695
otu_118	d__Archaea;p__Thermoplasmatota;c__Thermoplasmata;o__Methanomassiliicoccales;f__JACIVX01;g__JAJRAG01;s__JAJRAG01 sp041478695
otu_119	d__Archaea;p__Thermoplasmatota;c__Thermoplasmata;o__Methanomassiliicoccales;f__UBA472;g__FEN-33;s__
otu_120	d__Archaea;p__Thermoplasmatota;c__Thermoplasmata;o__Methanomassiliicoccales;f__UBA472;g__JAJRAL01;s__
otu_121	d__Archaea;p__Thermoplasmatota;c__Thermoplasmata;o__RBG-16-68-12;f__JAFNFQ01;g__JAFNFQ01;s__JAFNFQ01 sp017885655
otu_122	d__Archaea;p__Thermoplasmatota;c__Thermoplasmata;o__UBA10834;f__UBA10834;g__COMBO-56-21;s__
otu_123	d__Archaea;p__Thermoplasmatota;c__Thermoplasmata;o__UBA10834;f__UBA10834;g__COMBO-56-21;s__
otu_124	d__Archaea;p__Thermoproteota;c__Bathyarchaeia;o__40CM-2-53-6;f__40CM-2-53-6;g__;s__
otu_125	d__Archaea;p__Thermoproteota;c__Bathyarchaeia;o__40CM-2-53-6;f__40CM-2-53-6;g__;s__
otu_126	d__Archaea;p__Thermoproteota;c__Bathyarchaeia;o__40CM-2-53-6;f__40CM-2-53-6;g__;s__
otu_127	d__Archaea;p__Thermoproteota;c__Bathyarchaeia;o__40CM-2-53-6;f__40CM-2-53-6;g__;s__
otu_128	d__Archaea;p__Thermoproteota;c__Bathyarchaeia;o__40CM-2-53-6;f__40CM-2-53-6;g__;s__
otu_129	d__Archaea;p__Thermoproteota;c__Bathyarchaeia;o__40CM-2-53-6;f__40CM-2-53-6;g__;s__
otu_130	d__Archaea;p__Thermoproteota;c__Bathyarchaeia;o__40CM-2-53-6;f__40CM-2-53-6;g__;s__
otu_131	d__Archaea;p__Thermoproteota;c__Bathyarchaeia;o__40CM-2-53-6;f__40CM-2-53-6;g__;s__
otu_132	d__Archaea;p__Thermoproteota;c__Bathyarchaeia;o__40CM-2-53-6;f__40CM-2-53-6;g__;s__
otu_133	d__Archaea;p__Thermoproteota;c__Bathyarchaeia;o__40CM-2-53-6;f__40CM-2-53-6;g__;s__
otu_134	d__Archaea;p__Thermoproteota;c__Bathyarchaeia;o__40CM-2-53-6;f__JALHTG01;g__;s__
otu_135	d__Archaea;p__Thermoproteota;c__Bathyarchaeia;o__Bathyarchaeales;f__Bathyarchaeaceae;g__;s__
otu_136	d__Archaea;p__Thermoproteota;c__Bathyarchaeia;o__Bathyarchaeales;f__Bathycorpusculaceae;g__;s__
otu_137	d__Archaea;p__Thermoproteota;c__Bathyarchaeia;o__Bathyarchaeales;f__Bathycorpusculaceae;g__;s__
otu_138	d__Archaea;p__Thermoproteota;c__Bathyarchaeia;o__Bathyarchaeales;f__Bathycorpusculaceae;g__;s__
otu_139	d__Archaea;p__Thermoproteota;c__Bathyarchaeia;o__Bathyarchaeales;f__Bathycorpusculaceae;g__;s__
otu_140	d__Archaea;p__Thermoproteota;c__Bathyarchaeia;o__Bathyarchaeales;f__Bathycorpusculaceae;g__;s__
otu_141	d__Archaea;p__Thermoproteota;c__Bathyarchaeia;o__Bathyarchaeales;f__Bathycorpusculaceae;g__;s__
otu_142	d__Archaea;p__Thermoproteota;c__Bathyarchaeia;o__Bathyarchaeales;f__Bathycorpusculaceae;g__;s__
otu_143	d__Archaea;p__Thermoproteota;c__Bathyarchaeia;o__Bathyarchaeales;f__Bathycorpusculaceae;g__;s__
otu_144	d__Archaea;p__Thermoproteota;c__Bathyarchaeia;o__Bathyarchaeales;f__Bathycorpusculaceae;g__;s__
otu_145	d__Archaea;p__Thermoproteota;c__Bathyarchaeia;o__Bathyarchaeales;f__Bathycorpusculaceae;g__20-14-0-80-47-9;s__
otu_146	d__Archaea;p__Thermoproteota;c__Bathyarchaeia;o__Bathyarchaeales;f__Bathycorpusculaceae;g__20-14-0-80-47-9;s__20-14-0-80-47-9 sp022865455
otu_147	d__Archaea;p__Thermoproteota;c__Bathyarchaeia;o__Bathyarchaeales;f__Bathycorpusculaceae;g__20-14-0-80-47-9;s__20-14-0-80-47-9 sp022865455
otu_148	d__Archaea;p__Thermoproteota;c__Bathyarchaeia;o__Bathyarchaeales;f__Bathycorpusculaceae;g__20-14-0-80-47-9;s__20-14-0-80-47-9 sp022865455
otu_149	d__Archaea;p__Thermoproteota;c__Bathyarchaeia;o__Bathyarchaeales;f__Bathycorpusculaceae;g__20-14-0-80-47-9;s__20-14-0-80-47-9 sp022865455
otu_150	d__Archaea;p__Thermoproteota;c__Bathyarchaeia;o__Bathyarchaeales;f__Bathycorpusculaceae;g__A05DMB-2;s__
otu_151	d__Archaea;p__Thermoproteota;c__Bathyarchaeia;o__Bathyarchaeales;f__Bathycorpusculaceae;g__A05DMB-2;s__
otu_152	d__Archaea;p__Thermoproteota;c__Bathyarchaeia;o__Bathyarchaeales;f__Bathycorpusculaceae;g__A05DMB-2;s__
otu_153	d__Archaea;p__Thermoproteota;c__Bathyarchaeia;o__Bathyarchaeales;f__Bathycorpusculaceae;g__A05DMB-2;s__
otu_154	d__Archaea;p__Thermoproteota;c__Bathyarchaeia;o__Bathyarchaeales;f__Bathycorpusculaceae;g__A05DMB-2;s__
otu_155	d__Archaea;p__Thermoproteota;c__Bathyarchaeia;o__Bathyarchaeales;f__Bathycorpusculaceae;g__A05DMB-2;s__
otu_156	d__Archaea;p__Thermoproteota;c__Bathyarchaeia;o__Bathyarchaeales;f__Bathycorpusculaceae;g__Bathycorpusculum;s__
otu_157	d__Archaea;p__Thermoproteota;c__Bathyarchaeia;o__Bathyarchaeales;f__Bathycorpusculaceae;g__Bathycorpusculum;s__
otu_158	d__Archaea;p__Thermoproteota;c__Bathyarchaeia;o__Bathyarchaeales;f__Bathycorpusculaceae;g__Bathycorpusculum;s__Bathycorpusculum sp003133625
otu_159	d__Archaea;p__Thermoproteota;c__Bathyarchaeia;o__Bathyarchaeales;f__Bathycorpusculaceae;g__Bathycorpusculum;s__Bathycorpusculum sp003133625
otu_160	d__Archaea;p__Thermoproteota;c__Bathyarchaeia;o__Bathyarchaeales;f__Bathycorpusculaceae;g__DASPPK01;s__
otu_161	d__Archaea;p__Thermoproteota;c__Bathyarchaeia;o__Bathyarchaeales;f__Bathycorpusculaceae;g__DASPPK01;s__
otu_162	d__Archaea;p__Thermoproteota;c__Bathyarchaeia;o__Bathyarchaeales;f__Bathycorpusculaceae;g__DASPPK01;s__
otu_163	d__Archaea;p__Thermoproteota;c__Bathyarchaeia;o__Bathyarchaeales;f__Bathycorpusculaceae;g__DASPPK01;s__
otu_164	d__Archaea;p__Thermoproteota;c__Bathyarchaeia;o__Bathyarchaeales;f__Bathycorpusculaceae;g__DASPPK01;s__
otu_165	d__Archaea;p__Thermoproteota;c__Bathyarchaeia;o__Bathyarchaeales;f__Bathycorpusculaceae;g__DASPPK01;s__
otu_166	d__Archaea;p__Thermoproteota;c__Bathyarchaeia;o__Bathyarchaeales;f__Bathycorpusculaceae;g__DASPPK01;s__
otu_167	d__Archaea;p__Thermoproteota;c__Bathyarchaeia;o__Bathyarchaeales;f__Bathycorpusculaceae;g__DASPPK01;s__
otu_168	d__Archaea;p__Thermoproteota;c__Bathyarchaeia;o__Bathyarchaeales;f__Bathycorpusculaceae;g__DASPPK01;s__
otu_169	d__Archaea;p__Thermoproteota;c__Bathyarchaeia;o__Bathyarchaeales;f__Bathycorpusculaceae;g__DASPPK01;s__
otu_170	d__Archaea;p__Thermoproteota;c__Bathyarchaeia;o__Bathyarchaeales;f__Bathycorpusculaceae;g__DASPPK01;s__
otu_171	d__Archaea;p__Thermoproteota;c__Bathyarchaeia;o__Bathyarchaeales;f__Bathycorpusculaceae;g__DASPPK01;s__
otu_172	d__Archaea;p__Thermoproteota;c__Bathyarchaeia;o__Bathyarchaeales;f__Bathycorpusculaceae;g__DASPPK01;s__
otu_173	d__Archaea;p__Thermoproteota;c__Bathyarchaeia;o__Bathyarchaeales;f__Bathycorpusculaceae;g__DASPPK01;s__
otu_174	d__Archaea;p__Thermoproteota;c__Bathyarchaeia;o__Bathyarchaeales;f__Bathycorpusculaceae;g__DASPPK01;s__
otu_175	d__Archaea;p__Thermoproteota;c__Bathyarchaeia;o__Bathyarchaeales;f__Bathycorpusculaceae;g__DASPPK01;s__
otu_176	d__Archaea;p__Thermoproteota;c__Bathyarchaeia;o__Bathyarchaeales;f__Bathycorpusculaceae;g__DASPPK01;s__
otu_177	d__Archaea;p__Thermoproteota;c__Bathyarchaeia;o__Bathyarchaeales;f__Bathycorpusculaceae;g__DASPPK01;s__
otu_178	d__Archaea;p__Thermoproteota;c__Bathyarchaeia;o__Bathyarchaeales;f__Bathycorpusculaceae;g__DASPPK01;s__DASPPK01 sp041479575
otu_179	d__Archaea;p__Thermoproteota;c__Bathyarchaeia;o__Bathyarchaeales;f__Bathycorpusculaceae;g__DASPTR01;s__
otu_180	d__Archaea;p__Thermoproteota;c__Bathyarchaeia;o__Bathyarchaeales;f__Bathycorpusculaceae;g__DATKKK01;s__
otu_181	d__Archaea;p__Thermoproteota;c__Bathyarchaeia;o__Bathyarchaeales;f__Bathycorpusculaceae;g__DATKKK01;s__
otu_182	d__Archaea;p__Thermoproteota;c__Bathyarchaeia;o__Bathyarchaeales;f__Bathycorpusculaceae;g__DATKKK01;s__
otu_183	d__Archaea;p__Thermoproteota;c__Bathyarchaeia;o__Bathyarchaeales;f__Bathycorpusculaceae;g__DATKKK01;s__
otu_184	d__Archaea;p__Thermoproteota;c__Bathyarchaeia;o__Bathyarchaeales;f__Bathycorpusculaceae;g__DATKKK01;s__
otu_185	d__Archaea;p__Thermoproteota;c__Bathyarchaeia;o__Bathyarchaeales;f__Bathycorpusculaceae;g__DATKKK01;s__
otu_186	d__Archaea;p__Thermoproteota;c__Bathyarchaeia;o__Bathyarchaeales;f__Bathycorpusculaceae;g__DATKKK01;s__
otu_187	d__Archaea;p__Thermoproteota;c__Bathyarchaeia;o__Bathyarchaeales;f__Bathycorpusculaceae;g__DATKKK01;s__
otu_188	d__Archaea;p__Thermoproteota;c__Bathyarchaeia;o__Bathyarchaeales;f__Bathycorpusculaceae;g__DATKKK01;s__DATKKK01 sp041479765
otu_189	d__Archaea;p__Thermoproteota;c__Bathyarchaeia;o__Bathyarchaeales;f__Bathycorpusculaceae;g__DATKKK01;s__DATKKK01 sp041479765
otu_190	d__Archaea;p__Thermoproteota;c__Bathyarchaeia;o__Bathyarchaeales;f__Bathycorpusculaceae;g__JADGNF01;s__
otu_191	d__Archaea;p__Thermoproteota;c__Bathyarchaeia;o__Bathyarchaeales;f__Bathycorpusculaceae;g__JAGTQT01;s__
otu_192	d__Archaea;p__Thermoproteota;c__Bathyarchaeia;o__Bathyarchaeales;f__Bathycorpusculaceae;g__JAOZHU01;s__
otu_193	d__Archaea;p__Thermoproteota;c__Bathyarchaeia;o__Bathyarchaeales;f__Bathycorpusculaceae;g__JAOZHU01;s__
otu_194	d__Archaea;p__Thermoproteota;c__Bathyarchaeia;o__Bathyarchaeales;f__Bathycorpusculaceae;g__JBGPAV01;s__
otu_195	d__Archaea;p__Thermoproteota;c__Bathyarchaeia;o__Bathyarchaeales;f__Bathycorpusculaceae;g__JBGPAV01;s__
otu_196	d__Archaea;p__Thermoproteota;c__Bathyarchaeia;o__Bathyarchaeales;f__Bathycorpusculaceae;g__JBGQME01;s__
otu_197	d__Archaea;p__Thermoproteota;c__Bathyarchaeia;o__Bathyarchaeales;f__Bathycorpusculaceae;g__JBGQME01;s__
otu_198	d__Archaea;p__Thermoproteota;c__Bathyarchaeia;o__Bathyarchaeales;f__Bathycorpusculaceae;g__JBGQMW01;s__
otu_199	d__Archaea;p__Thermoproteota;c__Bathyarchaeia;o__Bathyarchaeales;f__Bathycorpusculaceae;g__JBGQMW01;s__
otu_200	d__Archaea;p__Thermoproteota;c__Bathyarchaeia;o__Bathyarchaeales;f__Bathycorpusculaceae;g__JBGQMW01;s__
otu_201	d__Archaea;p__Thermoproteota;c__Bathyarchaeia;o__Bathyarchaeales;f__Bathycorpusculaceae;g__JBGQMW01;s__
otu_202	d__Archaea;p__Thermoproteota;c__Bathyarchaeia;o__Bathyarchaeales;f__Bathycorpusculaceae;g__JBGQMW01;s__
otu_203	d__Archaea;p__Thermoproteota;c__Bathyarchaeia;o__Bathyarchaeales;f__Bathycorpusculaceae;g__JBGQMW01;s__
otu_204	d__Archaea;p__Thermoproteota;c__Bathyarchaeia;o__Bathyarchaeales;f__Bathycorpusculaceae;g__JBGQMW01;s__
otu_205	d__Archaea;p__Thermoproteota;c__Bathyarchaeia;o__Bathyarchaeales;f__Bathycorpusculaceae;g__JBGQMW01;s__
otu_206	d__Archaea;p__Thermoproteota;c__Bathyarchaeia;o__Bathyarchaeales;f__Bathycorpusculaceae;g__JBGQMW01;s__
otu_207	d__Archaea;p__Thermoproteota;c__Bathyarchaeia;o__Bathyarchaeales;f__Bathycorpusculaceae;g__JBGQMW01;s__JBGQMW01 sp041500785
otu_208	d__Archaea;p__Thermoproteota;c__Bathyarchaeia;o__Bathyarchaeales;f__Bathycorpusculaceae;g__JBGQMW01;s__JBGQMW01 sp041500785
otu_209	d__Archaea;p__Thermoproteota;c__Bathyarchaeia;o__Bathyarchaeales;f__Bathycorpusculaceae;g__UBA11855;s__
otu_210	d__Archaea;p__Thermoproteota;c__Bathyarchaeia;o__Bathyarchaeales;f__Bathycorpusculaceae;g__UBA11855;s__
otu_211	d__Archaea;p__Thermoproteota;c__Bathyarchaeia;o__Bathyarchaeales;f__DTEX01;g__PIYB01;s__
otu_212	d__Archaea;p__Thermoproteota;c__Bathyarchaeia;o__Bathyarchaeales;f__DTEX01;g__PIYB01;s__
otu_213	d__Archaea;p__Thermoproteota;c__Bathyarchaeia;o__Bathyarchaeales;f__DTEX01;g__PIYB01;s__
otu_214	d__Archaea;p__Thermoproteota;c__Bathyarchaeia;o__RBG-16-48-13;f__GCA-020355125;g__JBGOZA01;s__
otu_215	d__Archaea;p__Thermoproteota;c__Bathyarchaeia;o__RBG-16-48-13;f__GCA-020355125;g__JBGOZA01;s__
otu_216	d__Archaea;p__Thermoproteota;c__Bathyarchaeia;o__RBG-16-48-13;f__GCA-020355125;g__JBGOZA01;s__JBGOZA01 sp041480025
otu_217	d__Archaea;p__Thermoproteota;c__Bathyarchaeia;o__TCS64;f__TCS64;g__;s__
otu_218	d__Archaea;p__Thermoproteota;c__Bathyarchaeia;o__TCS64;f__TCS64;g__;s__
otu_219	d__Archaea;p__Thermoproteota;c__Bathyarchaeia;o__TCS64;f__TCS64;g__;s__
otu_220	d__Archaea;p__Thermoproteota;c__Bathyarchaeia;o__TCS64;f__TCS64;g__;s__
otu_221	d__Archaea;p__Thermoproteota;c__Bathyarchaeia;o__TCS64;f__TCS64;g__UBA8941;s__
otu_222	d__Archaea;p__Thermoproteota;c__Bathyarchaeia;o__TCS64;f__TCS64;g__UBA8941;s__
otu_223	d__Archaea;p__Thermoproteota;c__Bathyarchaeia;o__TCS64;f__TCS64;g__UBA8941;s__
otu_224	d__Bacteria;p__;c__;o__;f__;g__;s__
otu_225	d__Bacteria;p__Acidobacteriota;c__Aminicenantia;o__Aminicenantales;f__JAFGAV01;g__;s__
otu_226	d__Bacteria;p__Acidobacteriota;c__Aminicenantia;o__Aminicenantales;f__JAFGAV01;g__;s__
otu_227	d__Bacteria;p__Acidobacteriota;c__Aminicenantia;o__Aminicenantales;f__JAFGAV01;g__JBGOXI01;s__
otu_228	d__Bacteria;p__Acidobacteriota;c__Aminicenantia;o__Aminicenantales;f__RBG-16-66-30;g__DATKJS01;s__
otu_229	d__Bacteria;p__Acidobacteriota;c__Aminicenantia;o__Aminicenantales;f__RBG-16-66-30;g__JALHVH01;s__
otu_230	d__Bacteria;p__Acidobacteriota;c__Aminicenantia;o__Aminicenantales;f__RBG-16-66-30;g__JALHVH01;s__
otu_231	d__Bacteria;p__Acidobacteriota;c__Aminicenantia;o__Aminicenantales;f__RBG-16-66-30;g__JALHVH01;s__
otu_232	d__Bacteria;p__Acidobacteriota;c__Aminicenantia;o__Aminicenantales;f__RBG-16-66-30;g__JALHVH01;s__
otu_233	d__Bacteria;p__Acidobacteriota;c__Aminicenantia;o__Aminicenantales;f__RBG-16-66-30;g__JALHVH01;s__
otu_234	d__Bacteria;p__Acidobacteriota;c__Aminicenantia;o__Aminicenantales;f__RBG-16-66-30;g__RBG-16-66-30;s__
otu_235	d__Bacteria;p__Acidobacteriota;c__Aminicenantia;o__Aminicenantales;f__RBG-16-66-30;g__RBG-16-66-30;s__
otu_236	d__Bacteria;p__Acidobacteriota;c__Aminicenantia;o__Aminicenantales;f__RBG-16-66-30;g__RBG-16-66-30;s__
otu_237	d__Bacteria;p__Acidobacteriota;c__Aminicenantia;o__Aminicenantales;f__RBG-16-66-30;g__RBG-16-66-30;s__
otu_238	d__Bacteria;p__Acidobacteriota;c__Aminicenantia;o__Aminicenantales;f__RBG-16-66-30;g__RBG-16-66-30;s__
otu_239	d__Bacteria;p__Acidobacteriota;c__Aminicenantia;o__Aminicenantales;f__RBG-16-66-30;g__RBG-16-66-30;s__
otu_240	d__Bacteria;p__Acidobacteriota;c__Aminicenantia;o__Aminicenantales;f__RBG-16-66-30;g__RBG-16-66-30;s__
otu_241	d__Bacteria;p__Acidobacteriota;c__Aminicenantia;o__Aminicenantales;f__RBG-16-66-30;g__RBG-16-66-30;s__RBG-16-66-30 sp026393975
otu_242	d__Bacteria;p__Acidobacteriota;c__Aminicenantia;o__Aminicenantales;f__RBG-16-66-30;g__RBG-16-66-30;s__RBG-16-66-30 sp041479905
otu_243	d__Bacteria;p__Acidobacteriota;c__Aminicenantia;o__Aminicenantales;f__UBA4085;g__JALHTW01;s__
otu_244	d__Bacteria;p__Acidobacteriota;c__Aminicenantia;o__Aminicenantales;f__UBA4085;g__JALHTW01;s__
otu_245	d__Bacteria;p__Acidobacteriota;c__Aminicenantia;o__Aminicenantales;f__UBA4085;g__JALHTW01;s__
otu_246	d__Bacteria;p__Acidobacteriota;c__Aminicenantia;o__Aminicenantales;f__UBA4085;g__JALHTW01;s__JALHTW01 sp022866045
otu_247	d__Bacteria;p__Acidobacteriota;c__Aminicenantia;o__Aminicenantales;f__UBA4085;g__JAPKZH01;s__
otu_248	d__Bacteria;p__Acidobacteriota;c__Aminicenantia;o__Aminicenantales;f__UBA4085;g__JAPKZH01;s__
otu_249	d__Bacteria;p__Acidobacteriota;c__Aminicenantia;o__Aminicenantales;f__UBA4085;g__JAPKZH01;s__
otu_250	d__Bacteria;p__Acidobacteriota;c__Aminicenantia;o__Aminicenantales;f__UBA4085;g__JAPKZH01;s__
otu_251	d__Bacteria;p__Acidobacteriota;c__Aminicenantia;o__Aminicenantales;f__UBA4085;g__JAPKZH01;s__
otu_252	d__Bacteria;p__Acidobacteriota;c__Aminicenantia;o__Aminicenantales;f__UBA4085;g__JAPKZH01;s__JAPKZH01 sp026393905
otu_253	d__Bacteria;p__Acidobacteriota;c__Aminicenantia;o__Aminicenantales;f__UBA4085;g__JBGOYP01;s__
otu_254	d__Bacteria;p__Acidobacteriota;c__Aminicenantia;o__Aminicenantales;f__UBA4085;g__JBGOYP01;s__
otu_255	d__Bacteria;p__Acidobacteriota;c__Aminicenantia;o__Aminicenantales;f__UBA8522;g__;s__
otu_256	d__Bacteria;p__Acidobacteriota;c__Aminicenantia;o__Aminicenantales;f__UBA8522;g__;s__
otu_257	d__Bacteria;p__Acidobacteriota;c__Aminicenantia;o__Aminicenantales;f__UBA8522;g__UBA8522;s__
otu_258	d__Bacteria;p__Acidobacteriota;c__Aminicenantia;o__Aminicenantales;f__UBA8522;g__UBA8522;s__UBA8522 sp017886205
otu_259	d__Bacteria;p__Acidobacteriota;c__Aminicenantia;o__Aminicenantales;f__UBA8522;g__UBA8522;s__UBA8522 sp017886205
otu_260	d__Bacteria;p__Acidobacteriota;c__Aminicenantia;o__UBA2199;f__UBA2199;g__UBA2199;s__
otu_261	d__Bacteria;p__Acidobacteriota;c__Aminicenantia;o__UBA2199;f__UBA2199;g__UBA2199;s__
otu_262	d__Bacteria;p__Acidobacteriota;c__B3-B38;o__;f__;g__;s__
otu_263	d__Bacteria;p__Acidobacteriota;c__DASWHO01;o__;f__;g__;s__
otu_264	d__Bacteria;p__Acidobacteriota;c__Terriglobia;o__Bryobacterales;f__Bryobacteraceae;g__DASWZN01;s__
otu_265	d__Bacteria;p__Acidobacteriota;c__Terriglobia;o__Bryobacterales;f__Bryobacteraceae;g__DASWZN01;s__
otu_266	d__Bacteria;p__Acidobacteriota;c__Terriglobia;o__Bryobacterales;f__Bryobacteraceae;g__DASWZN01;s__
otu_267	d__Bacteria;p__Acidobacteriota;c__Terriglobia;o__Bryobacterales;f__Bryobacteraceae;g__DASWZN01;s__
otu_268	d__Bacteria;p__Acidobacteriota;c__Terriglobia;o__Bryobacterales;f__Bryobacteraceae;g__Fen-330;s__
otu_269	d__Bacteria;p__Acidobacteriota;c__Terriglobia;o__Bryobacterales;f__Bryobacteraceae;g__Fen-330;s__
otu_270	d__Bacteria;p__Acidobacteriota;c__Terriglobia;o__Bryobacterales;f__Bryobacteraceae;g__VFZS01;s__
otu_271	d__Bacteria;p__Acidobacteriota;c__Terriglobia;o__Bryobacterales;f__Bryobacteraceae;g__VFZS01;s__
otu_272	d__Bacteria;p__Acidobacteriota;c__Terriglobia;o__UBA7540;f__;g__;s__
otu_273	d__Bacteria;p__Acidobacteriota;c__Terriglobia;o__UBA7540;f__UBA7540;g__Bog-366;s__
otu_274	d__Bacteria;p__Acidobacteriota;c__Terriglobia;o__UBA7540;f__UBA7540;g__JALHUF01;s__JALHUF01 sp022866195
otu_275	d__Bacteria;p__Acidobacteriota;c__Terriglobia;o__UBA7540;f__UBA7540;g__JALHUF01;s__JALHUF01 sp022866195
otu_276	d__Bacteria;p__Acidobacteriota;c__Thermoanaerobaculia;o__Thermoanaerobaculales;f__Thermoanaerobaculaceae;g__;s__
otu_277	d__Bacteria;p__Acidobacteriota;c__Thermoanaerobaculia;o__Thermoanaerobaculales;f__Thermoanaerobaculaceae;g__RBG-13-68-16;s__
otu_278	d__Bacteria;p__Acidobacteriota;c__Thermoanaerobaculia;o__Thermoanaerobaculales;f__Thermoanaerobaculaceae;g__RBG-13-68-16;s__
otu_279	d__Bacteria;p__Acidobacteriota;c__Thermoanaerobaculia;o__Thermoanaerobaculales;f__Thermoanaerobaculaceae;g__RBG-13-68-16;s__
otu_280	d__Bacteria;p__Acidobacteriota;c__UBA6911;o__UBA6911;f__UBA6911;g__DASQID01;s__
otu_281	d__Bacteria;p__Acidobacteriota;c__Vicinamibacteria;o__Fen-336;f__Fen-336;g__DATJYX01;s__
otu_282	d__Bacteria;p__Acidobacteriota;c__Vicinamibacteria;o__Fen-336;f__Fen-336;g__DATKME01;s__
otu_283	d__Bacteria;p__Acidobacteriota;c__Vicinamibacteria;o__Vicinamibacterales;f__Fen-181;g__;s__
otu_284	d__Bacteria;p__Acidobacteriota;c__Vicinamibacteria;o__Vicinamibacterales;f__Fen-181;g__;s__
otu_285	d__Bacteria;p__Acidobacteriota;c__Vicinamibacteria;o__Vicinamibacterales;f__Fen-181;g__Fen-181;s__
otu_286	d__Bacteria;p__Actinomycetota;c__Actinomycetes;o__Actinomycetales;f__Demequinaceae;g__JAFGBM01;s__
otu_287	d__Bacteria;p__Actinomycetota;c__Actinomycetes;o__Mycobacteriales;f__Mycobacteriaceae;g__Mycobacterium;s__
otu_288	d__Bacteria;p__Actinomycetota;c__Coriobacteriia;o__Anaerosomatales;f__;g__;s__
otu_289	d__Bacteria;p__Actinomycetota;c__Humimicrobiia;o__Humimicrobiales;f__Humimicrobiaceae;g__Hydromicrobium;s__
otu_290	d__Bacteria;p__Actinomycetota;c__Humimicrobiia;o__Humimicrobiales;f__Humimicrobiaceae;g__JAHILC01;s__
otu_291	d__Bacteria;p__Actinomycetota;c__Humimicrobiia;o__Humimicrobiales;f__Humimicrobiaceae;g__JAHILC01;s__
otu_292	d__Bacteria;p__Actinomycetota;c__Humimicrobiia;o__Humimicrobiales;f__Humimicrobiaceae;g__JAHILC01;s__
otu_293	d__Bacteria;p__Actinomycetota;c__Humimicrobiia;o__Humimicrobiales;f__Humimicrobiaceae;g__JAHILC01;s__
otu_294	d__Bacteria;p__Actinomycetota;c__Humimicrobiia;o__Humimicrobiales;f__Humimicrobiaceae;g__JAHILC01;s__
otu_295	d__Bacteria;p__Actinomycetota;c__Humimicrobiia;o__Humimicrobiales;f__Humimicrobiaceae;g__JAHILC01;s__
otu_296	d__Bacteria;p__Actinomycetota;c__Humimicrobiia;o__Humimicrobiales;f__Humimicrobiaceae;g__JAHILC01;s__
otu_297	d__Bacteria;p__Actinomycetota;c__Humimicrobiia;o__Humimicrobiales;f__Humimicrobiaceae;g__JAHILC01;s__
otu_298	d__Bacteria;p__Actinomycetota;c__Humimicrobiia;o__Humimicrobiales;f__Humimicrobiaceae;g__JAHILC01;s__
otu_299	d__Bacteria;p__Actinomycetota;c__Humimicrobiia;o__Humimicrobiales;f__Humimicrobiaceae;g__JAHILC01;s__JAHILC01 sp018897225
otu_300	d__Bacteria;p__Actinomycetota;c__Humimicrobiia;o__Humimicrobiales;f__Humimicrobiaceae;g__JAHILC01;s__JAHILC01 sp018897225
otu_301	d__Bacteria;p__Actinomycetota;c__JAHEXW01;o__JAHEXW01;f__JAHEXW01;g__JBAZZW01;s__
otu_302	d__Bacteria;p__Actinomycetota;c__Thermoleophilia;o__Gaiellales;f__Gaiellaceae;g__;s__
otu_303	d__Bacteria;p__Actinomycetota;c__Thermoleophilia;o__Gaiellales;f__Gaiellaceae;g__Fen-549;s__
otu_304	d__Bacteria;p__Actinomycetota;c__Thermoleophilia;o__UBA2241;f__UBA2241;g__CAIXSE01;s__
otu_305	d__Bacteria;p__Actinomycetota;c__UBA4738;o__UBA4738;f__HRBIN12;g__;s__
otu_306	d__Bacteria;p__Arandabacterota;c__Arandabacteria;o__Arandabacterales;f__Arandabacteraceae;g__DATKKY01;s__
otu_307	d__Bacteria;p__Arandabacterota;c__Arandabacteria;o__Arandabacterales;f__Arandabacteraceae;g__DATKKY01;s__
otu_308	d__Bacteria;p__Armatimonadota;c__Hebobacteria;o__Hebobacterales;f__Hebobacteraceae;g__;s__
otu_309	d__Bacteria;p__Atribacterota;c__JS1;o__SB-45;f__34-128;g__CG2-30-33-13;s__
otu_310	d__Bacteria;p__Atribacterota;c__JS1;o__SB-45;f__34-128;g__CG2-30-33-13;s__
otu_311	d__Bacteria;p__Atribacterota;c__JS1;o__SB-45;f__34-128;g__CG2-30-33-13;s__
otu_312	d__Bacteria;p__Atribacterota;c__JS1;o__SB-45;f__34-128;g__CG2-30-33-13;s__CG2-30-33-13 sp041490145
otu_313	d__Bacteria;p__Atribacterota;c__JS1;o__SB-45;f__34-128;g__CG2-30-33-13;s__CG2-30-33-13 sp041490145
otu_314	d__Bacteria;p__Atribacterota;c__JS1;o__SB-45;f__34-128;g__CG2-30-33-13;s__CG2-30-33-13 sp041490145
otu_315	d__Bacteria;p__Atribacterota;c__JS1;o__SB-45;f__34-128;g__CG2-30-33-13;s__CG2-30-33-13 sp041490145
otu_316	d__Bacteria;p__Atribacterota;c__JS1;o__SB-45;f__34-128;g__CG2-30-33-13;s__CG2-30-33-13 sp041490145
otu_317	d__Bacteria;p__Atribacterota;c__JS1;o__SB-45;f__34-128;g__CG2-30-33-13;s__CG2-30-33-13 sp041490145
otu_318	d__Bacteria;p__Atribacterota;c__JS1;o__SB-45;f__34-128;g__CG2-30-33-13;s__CG2-30-33-13 sp041490145
otu_319	d__Bacteria;p__Bacillota;c__UBA4882;o__UBA8346;f__UBA8346;g__JAEZJQ01;s__
otu_320	d__Bacteria;p__Bacteroidota;c__Bacteroidia;o__Bacteroidales;f__FEN-979;g__DATJQF01;s__
otu_321	d__Bacteria;p__Bacteroidota;c__Bacteroidia;o__Bacteroidales;f__FEN-979;g__DATJQF01;s__
otu_322	d__Bacteria;p__Bacteroidota;c__Bacteroidia;o__Bacteroidales;f__JAGONC01;g__JAPLDP01;s__
otu_323	d__Bacteria;p__Bacteroidota;c__Bacteroidia;o__Bacteroidales;f__JAGONC01;g__JAPLDP01;s__
otu_324	d__Bacteria;p__Bacteroidota;c__Bacteroidia;o__Bacteroidales;f__JAGONC01;g__JAPLDP01;s__
otu_325	d__Bacteria;p__Bacteroidota;c__Bacteroidia;o__Bacteroidales;f__Prolixibacteraceae;g__SKHV01;s__
otu_326	d__Bacteria;p__Bacteroidota;c__Bacteroidia;o__Bacteroidales;f__Prolixibacteraceae;g__SKHV01;s__
otu_327	d__Bacteria;p__Bacteroidota;c__Bacteroidia;o__Bacteroidales;f__Prolixibacteraceae;g__UBA1413;s__
otu_328	d__Bacteria;p__Bacteroidota;c__Bacteroidia;o__Bacteroidales;f__SM23-62;g__LJUQ01;s__
otu_329	d__Bacteria;p__Bacteroidota;c__Bacteroidia;o__Bacteroidales;f__SM23-62;g__LJUQ01;s__
otu_330	d__Bacteria;p__Bacteroidota;c__Bacteroidia;o__Bacteroidales;f__SM23-62;g__LJUQ01;s__
otu_331	d__Bacteria;p__Bacteroidota;c__Bacteroidia;o__Bacteroidales;f__SM23-62;g__LJUQ01;s__LJUQ01 sp041480755
otu_332	d__Bacteria;p__Bacteroidota;c__Bacteroidia;o__Bacteroidales;f__UBA10428;g__UBA10428;s__
otu_333	d__Bacteria;p__Bacteroidota;c__Bacteroidia;o__Bacteroidales;f__UBA10428;g__UBA5072;s__
otu_334	d__Bacteria;p__Bacteroidota;c__Bacteroidia;o__Bacteroidales;f__UBA10428;g__UBA5072;s__
otu_335	d__Bacteria;p__Bacteroidota;c__Bacteroidia;o__Bacteroidales;f__VadinHA17;g__LD21;s__
otu_336	d__Bacteria;p__Bacteroidota;c__Bacteroidia;o__Bacteroidales;f__VadinHA17;g__LD21;s__
otu_337	d__Bacteria;p__Bacteroidota;c__Bacteroidia;o__Bacteroidales;f__VadinHA17;g__LD21;s__
otu_338	d__Bacteria;p__Bacteroidota;c__Bacteroidia;o__Bacteroidales;f__VadinHA17;g__LD21;s__
otu_339	d__Bacteria;p__Bacteroidota;c__Bacteroidia;o__Bacteroidales;f__VadinHA17;g__LD21;s__
otu_340	d__Bacteria;p__Bacteroidota;c__Bacteroidia;o__Bacteroidales;f__VadinHA17;g__LD21;s__
otu_341	d__Bacteria;p__Bacteroidota;c__Bacteroidia;o__Bacteroidales;f__VadinHA17;g__LD21;s__
otu_342	d__Bacteria;p__Bacteroidota;c__Bacteroidia;o__Bacteroidales;f__VadinHA17;g__LD21;s__
otu_343	d__Bacteria;p__Bacteroidota;c__Bacteroidia;o__Bacteroidales;f__VadinHA17;g__LD21;s__
otu_344	d__Bacteria;p__Bacteroidota;c__Bacteroidia;o__Bacteroidales;f__VadinHA17;g__LD21;s__
otu_345	d__Bacteria;p__Bacteroidota;c__Bacteroidia;o__Bacteroidales;f__VadinHA17;g__LD21;s__
otu_346	d__Bacteria;p__Bacteroidota;c__Bacteroidia;o__Bacteroidales;f__VadinHA17;g__LD21;s__
otu_347	d__Bacteria;p__Bacteroidota;c__Bacteroidia;o__Bacteroidales;f__VadinHA17;g__LD21;s__
otu_348	d__Bacteria;p__Bacteroidota;c__Bacteroidia;o__Bacteroidales;f__VadinHA17;g__LD21;s__
otu_349	d__Bacteria;p__Bacteroidota;c__Bacteroidia;o__Bacteroidales;f__VadinHA17;g__LD21;s__
otu_350	d__Bacteria;p__Bacteroidota;c__Bacteroidia;o__Bacteroidales;f__VadinHA17;g__LD21;s__
otu_351	d__Bacteria;p__Bacteroidota;c__Bacteroidia;o__Bacteroidales;f__VadinHA17;g__LD21;s__
otu_352	d__Bacteria;p__Bacteroidota;c__Bacteroidia;o__Bacteroidales;f__VadinHA17;g__LD21;s__
otu_353	d__Bacteria;p__Bacteroidota;c__Bacteroidia;o__Bacteroidales;f__VadinHA17;g__LD21;s__
otu_354	d__Bacteria;p__Bacteroidota;c__Bacteroidia;o__Bacteroidales;f__VadinHA17;g__LD21;s__
otu_355	d__Bacteria;p__Bacteroidota;c__Bacteroidia;o__Bacteroidales;f__VadinHA17;g__LD21;s__
otu_356	d__Bacteria;p__Bacteroidota;c__Bacteroidia;o__Bacteroidales;f__VadinHA17;g__LD21;s__
otu_357	d__Bacteria;p__Bacteroidota;c__Bacteroidia;o__Bacteroidales;f__VadinHA17;g__LD21;s__
otu_358	d__Bacteria;p__Bacteroidota;c__Bacteroidia;o__Bacteroidales;f__VadinHA17;g__LD21;s__
otu_359	d__Bacteria;p__Bacteroidota;c__Bacteroidia;o__Bacteroidales;f__VadinHA17;g__LD21;s__
otu_360	d__Bacteria;p__Bacteroidota;c__Bacteroidia;o__Bacteroidales;f__VadinHA17;g__LD21;s__
otu_361	d__Bacteria;p__Bacteroidota;c__Bacteroidia;o__Bacteroidales;f__VadinHA17;g__LD21;s__
otu_362	d__Bacteria;p__Bacteroidota;c__Bacteroidia;o__Bacteroidales;f__VadinHA17;g__LD21;s__
otu_363	d__Bacteria;p__Bacteroidota;c__Bacteroidia;o__Bacteroidales;f__VadinHA17;g__LD21;s__
otu_364	d__Bacteria;p__Bacteroidota;c__Bacteroidia;o__Bacteroidales;f__VadinHA17;g__LD21;s__
otu_365	d__Bacteria;p__Bacteroidota;c__Bacteroidia;o__Bacteroidales;f__VadinHA17;g__LD21;s__
otu_366	d__Bacteria;p__Bacteroidota;c__Bacteroidia;o__Bacteroidales;f__VadinHA17;g__LD21;s__
otu_367	d__Bacteria;p__Bacteroidota;c__Bacteroidia;o__Bacteroidales;f__VadinHA17;g__LD21;s__
otu_368	d__Bacteria;p__Bacteroidota;c__Bacteroidia;o__Bacteroidales;f__VadinHA17;g__LD21;s__
otu_369	d__Bacteria;p__Bacteroidota;c__Bacteroidia;o__Bacteroidales;f__VadinHA17;g__LD21;s__
otu_370	d__Bacteria;p__Bacteroidota;c__Bacteroidia;o__Bacteroidales;f__VadinHA17;g__LD21;s__
otu_371	d__Bacteria;p__Bacteroidota;c__Bacteroidia;o__Bacteroidales;f__VadinHA17;g__LD21;s__
otu_372	d__Bacteria;p__Bacteroidota;c__Bacteroidia;o__Bacteroidales;f__VadinHA17;g__LD21;s__
otu_373	d__Bacteria;p__Bacteroidota;c__Bacteroidia;o__Bacteroidales;f__VadinHA17;g__LD21;s__
otu_374	d__Bacteria;p__Bacteroidota;c__Bacteroidia;o__Bacteroidales;f__VadinHA17;g__LD21;s__
otu_375	d__Bacteria;p__Bacteroidota;c__Bacteroidia;o__Bacteroidales;f__VadinHA17;g__LD21;s__
otu_376	d__Bacteria;p__Bacteroidota;c__Bacteroidia;o__Bacteroidales;f__VadinHA17;g__LD21;s__
otu_377	d__Bacteria;p__Bacteroidota;c__Bacteroidia;o__Bacteroidales;f__VadinHA17;g__LD21;s__
otu_378	d__Bacteria;p__Bacteroidota;c__Bacteroidia;o__Bacteroidales;f__VadinHA17;g__LD21;s__
otu_379	d__Bacteria;p__Bacteroidota;c__Bacteroidia;o__Bacteroidales;f__VadinHA17;g__LD21;s__
otu_380	d__Bacteria;p__Bacteroidota;c__Bacteroidia;o__Bacteroidales;f__VadinHA17;g__LD21;s__
otu_381	d__Bacteria;p__Bacteroidota;c__Bacteroidia;o__Bacteroidales;f__VadinHA17;g__LD21;s__
otu_382	d__Bacteria;p__Bacteroidota;c__Bacteroidia;o__Bacteroidales;f__VadinHA17;g__LD21;s__
otu_383	d__Bacteria;p__Bacteroidota;c__Bacteroidia;o__Bacteroidales;f__VadinHA17;g__LD21;s__
otu_384	d__Bacteria;p__Bacteroidota;c__Bacteroidia;o__Bacteroidales;f__VadinHA17;g__LD21;s__LD21 sp026391475
otu_385	d__Bacteria;p__Bacteroidota;c__Bacteroidia;o__Bacteroidales;f__VadinHA17;g__LD21;s__LD21 sp030692905
otu_386	d__Bacteria;p__Bacteroidota;c__Bacteroidia;o__Bacteroidales;f__VadinHA17;g__LD21;s__LD21 sp041479075
otu_387	d__Bacteria;p__Bacteroidota;c__Bacteroidia;o__Bacteroidales;f__VadinHA17;g__LD21;s__LD21 sp041479075
otu_388	d__Bacteria;p__Bacteroidota;c__Bacteroidia;o__Bacteroidales;f__VadinHA17;g__LD21;s__LD21 sp041480535
otu_389	d__Bacteria;p__Bacteroidota;c__Bacteroidia;o__Bacteroidales;f__VadinHA17;g__SR-FBR-E99;s__
otu_390	d__Bacteria;p__Bacteroidota;c__Bacteroidia;o__Bacteroidales;f__VadinHA17;g__SR-FBR-E99;s__
otu_391	d__Bacteria;p__Bacteroidota_A;c__;o__;f__;g__;s__
otu_392	d__Bacteria;p__Bacteroidota_A;c__Chlorobiia;o__Chlorobiales;f__Chlorobiaceae;g__Chlorobium;s__
otu_393	d__Bacteria;p__Bacteroidota_A;c__Ignavibacteria;o__Ignavibacteriales;f__SURF-24;g__JAPLFH01;s__
otu_394	d__Bacteria;p__Bacteroidota_A;c__Ignavibacteria;o__SJA-28;f__OLB5;g__;s__
otu_395	d__Bacteria;p__Bacteroidota_A;c__Ignavibacteria;o__SJA-28;f__OLB5;g__;s__
otu_396	d__Bacteria;p__Bacteroidota_A;c__UBA10030;o__UBA10030;f__;g__;s__
otu_397	d__Bacteria;p__Bacteroidota_A;c__UBA10030;o__UBA10030;f__UBA10030;g__;s__
otu_398	d__Bacteria;p__Bacteroidota_A;c__UBA10030;o__UBA10030;f__UBA10030;g__;s__
otu_399	d__Bacteria;p__Bacteroidota_A;c__UBA10030;o__UBA10030;f__UBA10030;g__;s__
otu_400	d__Bacteria;p__Bacteroidota_A;c__UBA10030;o__UBA10030;f__UBA10030;g__;s__
otu_401	d__Bacteria;p__Bacteroidota_A;c__UBA10030;o__UBA10030;f__UBA10030;g__;s__
otu_402	d__Bacteria;p__Bacteroidota_A;c__UBA10030;o__UBA10030;f__UBA10030;g__Fen-1298;s__
otu_403	d__Bacteria;p__Bacteroidota_A;c__UBA10030;o__UBA10030;f__UBA10030;g__Fen-1298;s__
otu_404	d__Bacteria;p__Bacteroidota_A;c__UBA10030;o__UBA10030;f__UBA10030;g__Fen-1298;s__
otu_405	d__Bacteria;p__Bacteroidota_A;c__UBA10030;o__UBA10030;f__UBA10030;g__Fen-1298;s__
otu_406	d__Bacteria;p__Bacteroidota_A;c__UBA10030;o__UBA10030;f__UBA10030;g__Fen-1298;s__
otu_407	d__Bacteria;p__Bacteroidota_A;c__UBA10030;o__UBA10030;f__UBA10030;g__Fen-1298;s__
otu_408	d__Bacteria;p__Bacteroidota_A;c__UBA10030;o__UBA10030;f__UBA10030;g__Fen-1298;s__
otu_409	d__Bacteria;p__Bacteroidota_A;c__UBA10030;o__UBA10030;f__UBA10030;g__Fen-1298;s__
otu_410	d__Bacteria;p__Bacteroidota_A;c__UBA10030;o__UBA10030;f__UBA10030;g__UBA9647;s__
otu_411	d__Bacteria;p__Bacteroidota_A;c__UBA10030;o__UBA10030;f__UBA6906;g__Fen-1255;s__
otu_412	d__Bacteria;p__Bacteroidota_A;c__UBA10030;o__UBA10030;f__UBA8401;g__JAGVPT01;s__
otu_413	d__Bacteria;p__Bipolaricaulota;c__Bipolaricaulia;o__UBA7950;f__UBA9294;g__JAPLGD01;s__
otu_414	d__Bacteria;p__Caldisericota;c__Caldisericia;o__Cryosericales;f__Cryosericaceae;g__Cryosericum;s__
otu_415	d__Bacteria;p__Caldisericota;c__Caldisericia;o__Cryosericales;f__Cryosericaceae;g__Cryosericum;s__
otu_416	d__Bacteria;p__Caldisericota;c__Caldisericia;o__Cryosericales;f__Cryosericaceae;g__Cryosericum;s__
otu_417	d__Bacteria;p__Caldisericota;c__Caldisericia;o__Cryosericales;f__Cryosericaceae;g__Cryosericum;s__
otu_418	d__Bacteria;p__Caldisericota;c__Caldisericia;o__Cryosericales;f__Cryosericaceae;g__Cryosericum;s__
otu_419	d__Bacteria;p__Caldisericota;c__Caldisericia;o__Cryosericales;f__Cryosericaceae;g__Cryosericum;s__
otu_420	d__Bacteria;p__Caldisericota;c__Caldisericia;o__Cryosericales;f__Cryosericaceae;g__Cryosericum;s__
otu_421	d__Bacteria;p__Caldisericota;c__Caldisericia;o__Cryosericales;f__Cryosericaceae;g__Cryosericum;s__
otu_422	d__Bacteria;p__Caldisericota;c__Caldisericia;o__Cryosericales;f__Cryosericaceae;g__Cryosericum;s__
otu_423	d__Bacteria;p__Caldisericota;c__Caldisericia;o__Cryosericales;f__Cryosericaceae;g__Cryosericum;s__
otu_424	d__Bacteria;p__Caldisericota;c__Caldisericia;o__Cryosericales;f__Cryosericaceae;g__Cryosericum;s__
otu_425	d__Bacteria;p__Caldisericota;c__Caldisericia;o__Cryosericales;f__Cryosericaceae;g__Cryosericum;s__Cryosericum sp026390215
otu_426	d__Bacteria;p__Calditrichota;c__Calditrichia;o__JAJRVZ01;f__JAJRVZ01;g__;s__
otu_427	d__Bacteria;p__Chloroflexota;c__Anaerolineae;o__Anaerolineales;f__;g__;s__
otu_428	d__Bacteria;p__Chloroflexota;c__Anaerolineae;o__Anaerolineales;f__Anaerolineaceae;g__;s__
otu_429	d__Bacteria;p__Chloroflexota;c__Anaerolineae;o__Anaerolineales;f__Anaerolineaceae;g__;s__
otu_430	d__Bacteria;p__Chloroflexota;c__Anaerolineae;o__Anaerolineales;f__Anaerolineaceae;g__JAFGXF01;s__
otu_431	d__Bacteria;p__Chloroflexota;c__Anaerolineae;o__Anaerolineales;f__Anaerolineaceae;g__JAFGXF01;s__
otu_432	d__Bacteria;p__Chloroflexota;c__Anaerolineae;o__Anaerolineales;f__Anaerolineaceae;g__JBGQAS01;s__
otu_433	d__Bacteria;p__Chloroflexota;c__Anaerolineae;o__Anaerolineales;f__Anaerolineaceae;g__JBGQAS01;s__
otu_434	d__Bacteria;p__Chloroflexota;c__Anaerolineae;o__Anaerolineales;f__Anaerolineaceae;g__JBGQAS01;s__JBGQAS01 sp041494435
otu_435	d__Bacteria;p__Chloroflexota;c__Anaerolineae;o__Anaerolineales;f__Anaerolineaceae;g__JBGQAS01;s__JBGQAS01 sp041494435
otu_436	d__Bacteria;p__Chloroflexota;c__Anaerolineae;o__Anaerolineales;f__Anaerolineaceae;g__JBGQAS01;s__JBGQAS01 sp041494435
otu_437	d__Bacteria;p__Chloroflexota;c__Anaerolineae;o__Anaerolineales;f__Anaerolineaceae;g__JBGQAS01;s__JBGQAS01 sp041494435
otu_438	d__Bacteria;p__Chloroflexota;c__Anaerolineae;o__Anaerolineales;f__Anaerolineaceae;g__JBGQAS01;s__JBGQAS01 sp041494435
otu_439	d__Bacteria;p__Chloroflexota;c__Anaerolineae;o__Anaerolineales;f__Anaerolineaceae;g__Pelolinea;s__
otu_440	d__Bacteria;p__Chloroflexota;c__Anaerolineae;o__Anaerolineales;f__DRKV01;g__;s__
otu_441	d__Bacteria;p__Chloroflexota;c__Anaerolineae;o__Anaerolineales;f__DRKV01;g__;s__
otu_442	d__Bacteria;p__Chloroflexota;c__Anaerolineae;o__Anaerolineales;f__DRKV01;g__;s__
otu_443	d__Bacteria;p__Chloroflexota;c__Anaerolineae;o__Anaerolineales;f__DRKV01;g__;s__
otu_444	d__Bacteria;p__Chloroflexota;c__Anaerolineae;o__Anaerolineales;f__DRKV01;g__;s__
otu_445	d__Bacteria;p__Chloroflexota;c__Anaerolineae;o__Anaerolineales;f__DRKV01;g__;s__
otu_446	d__Bacteria;p__Chloroflexota;c__Anaerolineae;o__Anaerolineales;f__E44-bin32;g__DATEAV01;s__
otu_447	d__Bacteria;p__Chloroflexota;c__Anaerolineae;o__Anaerolineales;f__E44-bin32;g__DATEAV01;s__
otu_448	d__Bacteria;p__Chloroflexota;c__Anaerolineae;o__Anaerolineales;f__E44-bin32;g__DATEAV01;s__
otu_449	d__Bacteria;p__Chloroflexota;c__Anaerolineae;o__Anaerolineales;f__E44-bin32;g__DYJB01;s__
otu_450	d__Bacteria;p__Chloroflexota;c__Anaerolineae;o__Anaerolineales;f__E44-bin32;g__DYJB01;s__
otu_451	d__Bacteria;p__Chloroflexota;c__Anaerolineae;o__Anaerolineales;f__E44-bin32;g__DYJB01;s__
otu_452	d__Bacteria;p__Chloroflexota;c__Anaerolineae;o__Anaerolineales;f__E44-bin32;g__DYJB01;s__
otu_453	d__Bacteria;p__Chloroflexota;c__Anaerolineae;o__Anaerolineales;f__E44-bin32;g__DYJB01;s__
otu_454	d__Bacteria;p__Chloroflexota;c__Anaerolineae;o__Anaerolineales;f__E44-bin32;g__DYJB01;s__DYJB01 sp026390045
otu_455	d__Bacteria;p__Chloroflexota;c__Anaerolineae;o__Anaerolineales;f__RBG-16-64-43;g__;s__
otu_456	d__Bacteria;p__Chloroflexota;c__Anaerolineae;o__Anaerolineales;f__RBG-16-64-43;g__;s__
otu_457	d__Bacteria;p__Chloroflexota;c__Anaerolineae;o__Anaerolineales;f__RBG-16-64-43;g__;s__
otu_458	d__Bacteria;p__Chloroflexota;c__Anaerolineae;o__Anaerolineales;f__RBG-16-64-43;g__;s__
otu_459	d__Bacteria;p__Chloroflexota;c__Anaerolineae;o__Anaerolineales;f__RBG-16-64-43;g__FEN-1073;s__
otu_460	d__Bacteria;p__Chloroflexota;c__Anaerolineae;o__Anaerolineales;f__RBG-16-64-43;g__FEN-1073;s__
otu_461	d__Bacteria;p__Chloroflexota;c__Anaerolineae;o__Anaerolineales;f__RBG-16-64-43;g__FEN-1073;s__
otu_462	d__Bacteria;p__Chloroflexota;c__Anaerolineae;o__Anaerolineales;f__RBG-16-64-43;g__FEN-1073;s__
otu_463	d__Bacteria;p__Chloroflexota;c__Anaerolineae;o__Anaerolineales;f__RBG-16-64-43;g__FEN-1073;s__
otu_464	d__Bacteria;p__Chloroflexota;c__Anaerolineae;o__Anaerolineales;f__RBG-16-64-43;g__RBG-16-64-43;s__
otu_465	d__Bacteria;p__Chloroflexota;c__Anaerolineae;o__Anaerolineales;f__UBA4823;g__;s__
otu_466	d__Bacteria;p__Chloroflexota;c__Anaerolineae;o__Anaerolineales;f__UBA4823;g__;s__
otu_467	d__Bacteria;p__Chloroflexota;c__Anaerolineae;o__Anaerolineales;f__UBA4823;g__;s__
otu_468	d__Bacteria;p__Chloroflexota;c__Anaerolineae;o__Anaerolineales;f__UBA4823;g__;s__
otu_469	d__Bacteria;p__Chloroflexota;c__Anaerolineae;o__Anaerolineales;f__UBA4823;g__;s__
otu_470	d__Bacteria;p__Chloroflexota;c__Anaerolineae;o__Anaerolineales;f__UBA4823;g__;s__
otu_471	d__Bacteria;p__Chloroflexota;c__Anaerolineae;o__Anaerolineales;f__UBA4823;g__CAIQJJ01;s__
otu_472	d__Bacteria;p__Chloroflexota;c__Anaerolineae;o__Anaerolineales;f__UBA4823;g__DYIZ01;s__
otu_473	d__Bacteria;p__Chloroflexota;c__Anaerolineae;o__Anaerolineales;f__UBA4823;g__DYIZ01;s__
otu_474	d__Bacteria;p__Chloroflexota;c__Anaerolineae;o__Anaerolineales;f__UBA4823;g__FEB-25;s__
otu_475	d__Bacteria;p__Chloroflexota;c__Anaerolineae;o__Anaerolineales;f__UBA4823;g__FEB-25;s__
otu_476	d__Bacteria;p__Chloroflexota;c__Anaerolineae;o__Anaerolineales;f__UBA4823;g__FEB-25;s__
otu_477	d__Bacteria;p__Chloroflexota;c__Anaerolineae;o__Anaerolineales;f__UBA4823;g__FEB-25;s__
otu_478	d__Bacteria;p__Chloroflexota;c__Anaerolineae;o__Anaerolineales;f__UBA4823;g__FEB-25;s__
otu_479	d__Bacteria;p__Chloroflexota;c__Anaerolineae;o__Anaerolineales;f__UBA4823;g__FEB-25;s__
otu_480	d__Bacteria;p__Chloroflexota;c__Anaerolineae;o__Anaerolineales;f__UBA4823;g__FEB-25;s__
otu_481	d__Bacteria;p__Chloroflexota;c__Anaerolineae;o__Anaerolineales;f__UBA4823;g__FEB-25;s__
otu_482	d__Bacteria;p__Chloroflexota;c__Anaerolineae;o__Anaerolineales;f__UBA4823;g__FEB-25;s__
otu_483	d__Bacteria;p__Chloroflexota;c__Anaerolineae;o__Anaerolineales;f__UBA4823;g__FEB-25;s__
otu_484	d__Bacteria;p__Chloroflexota;c__Anaerolineae;o__Anaerolineales;f__UBA4823;g__FEB-25;s__
otu_485	d__Bacteria;p__Chloroflexota;c__Anaerolineae;o__Anaerolineales;f__UBA4823;g__FEB-25;s__
otu_486	d__Bacteria;p__Chloroflexota;c__Anaerolineae;o__Anaerolineales;f__UBA4823;g__FEB-25;s__
otu_487	d__Bacteria;p__Chloroflexota;c__Anaerolineae;o__Anaerolineales;f__UBA4823;g__FEB-25;s__
otu_488	d__Bacteria;p__Chloroflexota;c__Anaerolineae;o__Anaerolineales;f__UBA4823;g__FEB-25;s__
otu_489	d__Bacteria;p__Chloroflexota;c__Anaerolineae;o__Anaerolineales;f__UBA4823;g__FEB-25;s__
otu_490	d__Bacteria;p__Chloroflexota;c__Anaerolineae;o__Anaerolineales;f__UBA4823;g__FEB-25;s__
otu_491	d__Bacteria;p__Chloroflexota;c__Anaerolineae;o__Anaerolineales;f__UBA4823;g__FEB-25;s__FEB-25 sp041479245
otu_492	d__Bacteria;p__Chloroflexota;c__Anaerolineae;o__Anaerolineales;f__Villigracilaceae;g__CG2-30-58-95;s__
otu_493	d__Bacteria;p__Chloroflexota;c__Anaerolineae;o__Anaerolineales;f__Villigracilaceae;g__CG2-30-58-95;s__
otu_494	d__Bacteria;p__Chloroflexota;c__Anaerolineae;o__Anaerolineales;f__Villigracilaceae;g__CG2-30-58-95;s__
otu_495	d__Bacteria;p__Chloroflexota;c__Anaerolineae;o__Anaerolineales;f__Villigracilaceae;g__CG2-30-58-95;s__
otu_496	d__Bacteria;p__Chloroflexota;c__Anaerolineae;o__Anaerolineales;f__Villigracilaceae;g__Fen-1038;s__
otu_497	d__Bacteria;p__Chloroflexota;c__Anaerolineae;o__Anaerolineales;f__Villigracilaceae;g__UBA877;s__
otu_498	d__Bacteria;p__Chloroflexota;c__Anaerolineae;o__Anaerolineales;f__Villigracilaceae;g__UBA877;s__
otu_499	d__Bacteria;p__Chloroflexota;c__Anaerolineae;o__Anaerolineales;f__Villigracilaceae;g__UBA877;s__
otu_500	d__Bacteria;p__Chloroflexota;c__Anaerolineae;o__Anaerolineales;f__Villigracilaceae;g__UBA877;s__
otu_501	d__Bacteria;p__Chloroflexota;c__Anaerolineae;o__Anaerolineales;f__Villigracilaceae;g__UBA877;s__
otu_502	d__Bacteria;p__Chloroflexota;c__Anaerolineae;o__Anaerolineales;f__Villigracilaceae;g__UBA877;s__
otu_503	d__Bacteria;p__Chloroflexota;c__Anaerolineae;o__Anaerolineales;f__Villigracilaceae;g__UBA877;s__
otu_504	d__Bacteria;p__Chloroflexota;c__Anaerolineae;o__Anaerolineales;f__Villigracilaceae;g__UBA877;s__
otu_505	d__Bacteria;p__Chloroflexota;c__Anaerolineae;o__Anaerolineales;f__Villigracilaceae;g__UBA877;s__
otu_506	d__Bacteria;p__Chloroflexota;c__Anaerolineae;o__Anaerolineales;f__Villigracilaceae;g__UBA877;s__
otu_507	d__Bacteria;p__Chloroflexota;c__Anaerolineae;o__Anaerolineales;f__Villigracilaceae;g__UBA877;s__
otu_508	d__Bacteria;p__Chloroflexota;c__Anaerolineae;o__Anaerolineales;f__Villigracilaceae;g__UBA877;s__
otu_509	d__Bacteria;p__Chloroflexota;c__Anaerolineae;o__Anaerolineales;f__Villigracilaceae;g__UBA877;s__
otu_510	d__Bacteria;p__Chloroflexota;c__Anaerolineae;o__Anaerolineales;f__Villigracilaceae;g__UBA877;s__
otu_511	d__Bacteria;p__Chloroflexota;c__Anaerolineae;o__Anaerolineales;f__Villigracilaceae;g__UBA877;s__
otu_512	d__Bacteria;p__Chloroflexota;c__Anaerolineae;o__Anaerolineales;f__Villigracilaceae;g__UBA877;s__UBA877 sp041480185
otu_513	d__Bacteria;p__Chloroflexota;c__Anaerolineae;o__B4-G1;f__B4-G1;g__DAOUBA01;s__
otu_514	d__Bacteria;p__Chloroflexota;c__Anaerolineae;o__B4-G1;f__B4-G1;g__DAOUBA01;s__
otu_515	d__Bacteria;p__Chloroflexota;c__Anaerolineae;o__Fen-1058;f__Fen-1058;g__JBGLNJ01;s__
otu_516	d__Bacteria;p__Chloroflexota;c__Anaerolineae;o__Fen-1058;f__Fen-1058;g__JBGLNJ01;s__
otu_517	d__Bacteria;p__Chloroflexota;c__Anaerolineae;o__Fen-1058;f__Fen-1058;g__JBGLNJ01;s__
otu_518	d__Bacteria;p__Chloroflexota;c__Anaerolineae;o__Fen-1058;f__Fen-1058;g__JBGLNJ01;s__
otu_519	d__Bacteria;p__Chloroflexota;c__Anaerolineae;o__JAAYZQ01;f__JAAYZQ01;g__;s__
otu_520	d__Bacteria;p__Chloroflexota;c__Anaerolineae;o__JAAYZQ01;f__JAAYZQ01;g__DAOQVR01;s__
otu_521	d__Bacteria;p__Chloroflexota;c__Anaerolineae;o__UBA2200;f__UBA2200;g__;s__
otu_522	d__Bacteria;p__Chloroflexota;c__Anaerolineae;o__UBA2200;f__UBA2200;g__;s__
otu_523	d__Bacteria;p__Chloroflexota;c__Anaerolineae;o__UBA2200;f__UBA2200;g__;s__
otu_524	d__Bacteria;p__Chloroflexota;c__Anaerolineae;o__UBA2200;f__UBA2200;g__;s__
otu_525	d__Bacteria;p__Chloroflexota;c__Chloroflexia;o__DTKN01;f__DTKN01;g__;s__
otu_526	d__Bacteria;p__Chloroflexota;c__Dehalococcoidia;o__Dehalococcoidales;f__;g__;s__
otu_527	d__Bacteria;p__Chloroflexota;c__Dehalococcoidia;o__Dehalococcoidales;f__BS750m-G39;g__E44-bin88;s__E44-bin88 sp022865485
otu_528	d__Bacteria;p__Chloroflexota;c__Dehalococcoidia;o__Dehalococcoidales;f__BS750m-G39;g__E44-bin88;s__E44-bin88 sp022865485
otu_529	d__Bacteria;p__Chloroflexota;c__Dehalococcoidia;o__Dehalococcoidales;f__Fen-1064;g__JAURWL01;s__
otu_530	d__Bacteria;p__Chloroflexota;c__Dehalococcoidia;o__Dehalococcoidales;f__Fen-1064;g__JAURWL01;s__
otu_531	d__Bacteria;p__Chloroflexota;c__Dehalococcoidia;o__Dehalococcoidales;f__Fen-1064;g__JAURWL01;s__
otu_532	d__Bacteria;p__Chloroflexota;c__Dehalococcoidia;o__Dehalococcoidales;f__Fen-1064;g__JAURWL01;s__
otu_533	d__Bacteria;p__Chloroflexota;c__Dehalococcoidia;o__Dehalococcoidales;f__Fen-1064;g__JAURWL01;s__
otu_534	d__Bacteria;p__Chloroflexota;c__Dehalococcoidia;o__Dehalococcoidales;f__Fen-1064;g__JAURWL01;s__
otu_535	d__Bacteria;p__Chloroflexota;c__Dehalococcoidia;o__Dehalococcoidales;f__JAFGLR01;g__JAFGLR01;s__
otu_536	d__Bacteria;p__Chloroflexota;c__Dehalococcoidia;o__Dehalococcoidales;f__JAFGLR01;g__JAFGLR01;s__
otu_537	d__Bacteria;p__Chloroflexota;c__Dehalococcoidia;o__Dehalococcoidales;f__JAFGLR01;g__JAFGLR01;s__
otu_538	d__Bacteria;p__Chloroflexota;c__Dehalococcoidia;o__Dehalococcoidales;f__JAFGLR01;g__JAFGLR01;s__
otu_539	d__Bacteria;p__Chloroflexota;c__Dehalococcoidia;o__Dehalococcoidales;f__JAFGLR01;g__JAFGLR01;s__
otu_540	d__Bacteria;p__Chloroflexota;c__Dehalococcoidia;o__Dehalococcoidales;f__RBG-16-60-22;g__;s__
otu_541	d__Bacteria;p__Chloroflexota;c__Dehalococcoidia;o__Dehalococcoidales;f__RBG-16-60-22;g__DAOUZD01;s__
otu_542	d__Bacteria;p__Chloroflexota;c__Dehalococcoidia;o__Dehalococcoidales;f__RBG-16-60-22;g__DAOUZD01;s__
otu_543	d__Bacteria;p__Chloroflexota;c__Dehalococcoidia;o__Dehalococcoidales;f__RBG-16-60-22;g__Fen-1077;s__
otu_544	d__Bacteria;p__Chloroflexota;c__Dehalococcoidia;o__Dehalococcoidales;f__RBG-16-60-22;g__JBFYTX01;s__
otu_545	d__Bacteria;p__Chloroflexota;c__Dehalococcoidia;o__Dehalococcoidales;f__RBG-16-60-22;g__JBFYTX01;s__
otu_546	d__Bacteria;p__Chloroflexota;c__Dehalococcoidia;o__Dehalococcoidales;f__RBG-16-60-22;g__JBFYTX01;s__
otu_547	d__Bacteria;p__Chloroflexota;c__Dehalococcoidia;o__Dehalococcoidales;f__RBG-16-60-22;g__JBGPRB01;s__
otu_548	d__Bacteria;p__Chloroflexota;c__Dehalococcoidia;o__Dehalococcoidales;f__RBG-16-60-22;g__JBGPRB01;s__JBGPRB01 sp041489355
otu_549	d__Bacteria;p__Chloroflexota;c__Dehalococcoidia;o__Dehalococcoidales;f__RBG-16-60-22;g__JdFR-56;s__
otu_550	d__Bacteria;p__Chloroflexota;c__Dehalococcoidia;o__Dehalococcoidales;f__RBG-16-60-22;g__RBG-13-51-18;s__
otu_551	d__Bacteria;p__Chloroflexota;c__Dehalococcoidia;o__Dehalococcoidales;f__RBG-16-60-22;g__RBG-13-51-18;s__
otu_552	d__Bacteria;p__Chloroflexota;c__Dehalococcoidia;o__Dehalococcoidales;f__RBG-16-60-22;g__RBG-13-51-18;s__
otu_553	d__Bacteria;p__Chloroflexota;c__Dehalococcoidia;o__Dehalococcoidales;f__RBG-16-60-22;g__RBG-13-51-18;s__
otu_554	d__Bacteria;p__Chloroflexota;c__Dehalococcoidia;o__Dehalococcoidales;f__RBG-16-60-22;g__RBG-13-51-18;s__
otu_555	d__Bacteria;p__Chloroflexota;c__Dehalococcoidia;o__Dehalococcoidales;f__UBA1222;g__SURF-27;s__
otu_556	d__Bacteria;p__Chloroflexota;c__Dehalococcoidia;o__Dehalococcoidales;f__UBA1222;g__SURF-27;s__
otu_557	d__Bacteria;p__Chloroflexota;c__Dehalococcoidia;o__Dehalococcoidales;f__UBA2162;g__;s__
otu_558	d__Bacteria;p__Chloroflexota;c__Dehalococcoidia;o__Dehalococcoidales;f__UBA2162;g__JACPPR01;s__
otu_559	d__Bacteria;p__Chloroflexota;c__Dehalococcoidia;o__Dehalococcoidales;f__UBA2162;g__JBBITI01;s__
otu_560	d__Bacteria;p__Chloroflexota;c__Dehalococcoidia;o__Dehalococcoidales;f__UBA2162;g__JBBITI01;s__
otu_561	d__Bacteria;p__Chloroflexota;c__Dehalococcoidia;o__DSTF01;f__JALHUB01;g__DAOUEO01;s__
otu_562	d__Bacteria;p__Chloroflexota;c__Dehalococcoidia;o__DSTF01;f__JALHUB01;g__DAOUEO01;s__
otu_563	d__Bacteria;p__Chloroflexota;c__Dehalococcoidia;o__DSTF01;f__JALHUB01;g__DAOUEO01;s__
otu_564	d__Bacteria;p__Chloroflexota;c__Dehalococcoidia;o__DSTF01;f__JALHUB01;g__DAOUEO01;s__
otu_565	d__Bacteria;p__Chloroflexota;c__Dehalococcoidia;o__DSTF01;f__JALHUB01;g__DAOUEO01;s__
otu_566	d__Bacteria;p__Chloroflexota;c__Dehalococcoidia;o__DSTF01;f__JALHUB01;g__DAOUEO01;s__
otu_567	d__Bacteria;p__Chloroflexota;c__Dehalococcoidia;o__DSTF01;f__JALHUB01;g__DAOUEO01;s__
otu_568	d__Bacteria;p__Chloroflexota;c__Dehalococcoidia;o__DSTF01;f__JALHUB01;g__DAOUEO01;s__
otu_569	d__Bacteria;p__Chloroflexota;c__Dehalococcoidia;o__DSTF01;f__JALHUB01;g__DAOULP01;s__
otu_570	d__Bacteria;p__Chloroflexota;c__Dehalococcoidia;o__DSTF01;f__JALHUB01;g__DAOULP01;s__
otu_571	d__Bacteria;p__Chloroflexota;c__Dehalococcoidia;o__DSTF01;f__JALHUB01;g__JALHUB01;s__
otu_572	d__Bacteria;p__Chloroflexota;c__Dehalococcoidia;o__DSTF01;f__JALHUB01;g__JALHUB01;s__
otu_573	d__Bacteria;p__Chloroflexota;c__Dehalococcoidia;o__DSTF01;f__JALHUB01;g__JALHUB01;s__
otu_574	d__Bacteria;p__Chloroflexota;c__Dehalococcoidia;o__DSTF01;f__JALHUB01;g__JALHUB01;s__
otu_575	d__Bacteria;p__Chloroflexota;c__Dehalococcoidia;o__DSTF01;f__JALHUB01;g__JALHUB01;s__
otu_576	d__Bacteria;p__Chloroflexota;c__Dehalococcoidia;o__DSTF01;f__JALHUB01;g__JALHUB01;s__
otu_577	d__Bacteria;p__Chloroflexota;c__Dehalococcoidia;o__DSTF01;f__JALHUB01;g__JALHUB01;s__JALHUB01 sp041501065
otu_578	d__Bacteria;p__Chloroflexota;c__Dehalococcoidia;o__DSTF01;f__JALHUB01;g__JALHUB01;s__JALHUB01 sp041501065
otu_579	d__Bacteria;p__Chloroflexota;c__Dehalococcoidia;o__GIF9;f__AB-539-J10;g__RBG-13-51-36;s__
otu_580	d__Bacteria;p__Chloroflexota;c__Dehalococcoidia;o__GIF9;f__AB-539-J10;g__RBG-13-51-36;s__
otu_581	d__Bacteria;p__Chloroflexota;c__Dehalococcoidia;o__GIF9;f__AB-539-J10;g__RBG-13-51-36;s__
otu_582	d__Bacteria;p__Chloroflexota;c__Dehalococcoidia;o__GIF9;f__AB-539-J10;g__RBG-13-51-36;s__
otu_583	d__Bacteria;p__Chloroflexota;c__Dehalococcoidia;o__GIF9;f__AB-539-J10;g__RBG-13-51-36;s__
otu_584	d__Bacteria;p__Chloroflexota;c__Dehalococcoidia;o__GIF9;f__AB-539-J10;g__RBG-13-51-36;s__
otu_585	d__Bacteria;p__Chloroflexota;c__Dehalococcoidia;o__GIF9;f__AB-539-J10;g__RBG-13-51-36;s__
otu_586	d__Bacteria;p__Chloroflexota;c__Dehalococcoidia;o__GIF9;f__AB-539-J10;g__RBG-13-51-36;s__
otu_587	d__Bacteria;p__Chloroflexota;c__Dehalococcoidia;o__GIF9;f__AB-539-J10;g__RBG-13-51-36;s__
otu_588	d__Bacteria;p__Chloroflexota;c__Dehalococcoidia;o__GIF9;f__AB-539-J10;g__RBG-13-51-36;s__
otu_589	d__Bacteria;p__Chloroflexota;c__Dehalococcoidia;o__GIF9;f__AB-539-J10;g__RBG-13-51-36;s__
otu_590	d__Bacteria;p__Chloroflexota;c__Dehalococcoidia;o__GIF9;f__AB-539-J10;g__RBG-13-51-36;s__
otu_591	d__Bacteria;p__Chloroflexota;c__Dehalococcoidia;o__GIF9;f__AB-539-J10;g__RBG-13-51-36;s__
otu_592	d__Bacteria;p__Chloroflexota;c__Dehalococcoidia;o__GIF9;f__AB-539-J10;g__RBG-13-51-36;s__
otu_593	d__Bacteria;p__Chloroflexota;c__Dehalococcoidia;o__GIF9;f__AB-539-J10;g__RBG-13-51-36;s__
otu_594	d__Bacteria;p__Chloroflexota;c__Dehalococcoidia;o__GIF9;f__AB-539-J10;g__RBG-13-51-36;s__
otu_595	d__Bacteria;p__Chloroflexota;c__Dehalococcoidia;o__GIF9;f__AB-539-J10;g__RBG-13-51-36;s__
otu_596	d__Bacteria;p__Chloroflexota;c__Dehalococcoidia;o__GIF9;f__AB-539-J10;g__RBG-13-51-36;s__
otu_597	d__Bacteria;p__Chloroflexota;c__Dehalococcoidia;o__GIF9;f__AB-539-J10;g__RBG-13-51-36;s__
otu_598	d__Bacteria;p__Chloroflexota;c__Dehalococcoidia;o__GIF9;f__AB-539-J10;g__RBG-13-51-36;s__
otu_599	d__Bacteria;p__Chloroflexota;c__Dehalococcoidia;o__GIF9;f__AB-539-J10;g__RBG-13-51-36;s__
otu_600	d__Bacteria;p__Chloroflexota;c__Dehalococcoidia;o__GIF9;f__AB-539-J10;g__RBG-13-51-36;s__
otu_601	d__Bacteria;p__Chloroflexota;c__Dehalococcoidia;o__GIF9;f__AB-539-J10;g__RBG-13-51-36;s__
otu_602	d__Bacteria;p__Chloroflexota;c__Dehalococcoidia;o__GIF9;f__AB-539-J10;g__RBG-13-51-36;s__RBG-13-51-36 sp041489785
otu_603	d__Bacteria;p__Chloroflexota;c__Dehalococcoidia;o__GIF9;f__AB-539-J10;g__RBG-13-51-36;s__RBG-13-51-36 sp041489785
otu_604	d__Bacteria;p__Chloroflexota;c__Dehalococcoidia;o__GIF9;f__UBA5629;g__9FT-COMBO-48-23;s__
otu_605	d__Bacteria;p__Chloroflexota;c__Dehalococcoidia;o__GIF9;f__UBA5629;g__9FT-COMBO-48-23;s__
otu_606	d__Bacteria;p__Chloroflexota;c__Dehalococcoidia;o__GIF9;f__UBA5629;g__9FT-COMBO-48-23;s__
otu_607	d__Bacteria;p__Chloroflexota;c__Dehalococcoidia;o__GIF9;f__UBA5629;g__9FT-COMBO-48-23;s__
otu_608	d__Bacteria;p__Chloroflexota;c__Dehalococcoidia;o__GIF9;f__UBA5629;g__9FT-COMBO-48-23;s__
otu_609	d__Bacteria;p__Chloroflexota;c__Dehalococcoidia;o__GIF9;f__UBA5629;g__9FT-COMBO-48-23;s__
otu_610	d__Bacteria;p__Chloroflexota;c__Dehalococcoidia;o__GIF9;f__UBA5629;g__9FT-COMBO-48-23;s__
otu_611	d__Bacteria;p__Chloroflexota;c__Dehalococcoidia;o__GIF9;f__UBA5629;g__9FT-COMBO-48-23;s__
otu_612	d__Bacteria;p__Chloroflexota;c__Dehalococcoidia;o__GIF9;f__UBA5629;g__9FT-COMBO-48-23;s__
otu_613	d__Bacteria;p__Chloroflexota;c__Dehalococcoidia;o__GIF9;f__UBA5629;g__9FT-COMBO-48-23;s__
otu_614	d__Bacteria;p__Chloroflexota;c__Dehalococcoidia;o__GIF9;f__UBA5629;g__9FT-COMBO-48-23;s__
otu_615	d__Bacteria;p__Chloroflexota;c__Dehalococcoidia;o__GIF9;f__UBA5629;g__9FT-COMBO-48-23;s__
otu_616	d__Bacteria;p__Chloroflexota;c__Dehalococcoidia;o__GIF9;f__UBA5629;g__9FT-COMBO-48-23;s__
otu_617	d__Bacteria;p__Chloroflexota;c__Dehalococcoidia;o__GIF9;f__UBA5629;g__9FT-COMBO-48-23;s__
otu_618	d__Bacteria;p__Chloroflexota;c__Dehalococcoidia;o__GIF9;f__UBA5629;g__9FT-COMBO-48-23;s__
otu_619	d__Bacteria;p__Chloroflexota;c__Dehalococcoidia;o__GIF9;f__UBA5629;g__9FT-COMBO-48-23;s__
otu_620	d__Bacteria;p__Chloroflexota;c__Dehalococcoidia;o__GIF9;f__UBA5629;g__9FT-COMBO-48-23;s__
otu_621	d__Bacteria;p__Chloroflexota;c__Dehalococcoidia;o__GIF9;f__UBA5629;g__9FT-COMBO-48-23;s__
otu_622	d__Bacteria;p__Chloroflexota;c__Dehalococcoidia;o__GIF9;f__UBA5629;g__9FT-COMBO-48-23;s__
otu_623	d__Bacteria;p__Chloroflexota;c__Dehalococcoidia;o__GIF9;f__UBA5629;g__9FT-COMBO-48-23;s__
otu_624	d__Bacteria;p__Chloroflexota;c__Dehalococcoidia;o__GIF9;f__UBA5629;g__CAIMUM01;s__CAIMUM01 sp026389635
otu_625	d__Bacteria;p__Chloroflexota;c__Dehalococcoidia;o__RBG-13-53-26;f__RBG-13-53-26;g__JAPLHP01;s__
otu_626	d__Bacteria;p__Chloroflexota;c__Dehalococcoidia;o__RBG-13-53-26;f__RBG-13-53-26;g__JAPLHP01;s__JAPLHP01 sp026389585
otu_627	d__Bacteria;p__Chloroflexota;c__Dehalococcoidia;o__RBG-13-53-26;f__RBG-13-53-26;g__RBG-13-53-26;s__RBG-13-53-26 sp041478585
otu_628	d__Bacteria;p__Chloroflexota;c__Dehalococcoidia;o__SM23-28-2;f__SM23-28-2;g__JAUYDU01;s__
otu_629	d__Bacteria;p__Chloroflexota;c__Dehalococcoidia;o__SM23-28-2;f__SM23-28-2;g__SM23-28-2;s__
otu_630	d__Bacteria;p__Chloroflexota;c__Dehalococcoidia;o__SM23-28-2;f__SM23-28-2;g__SM23-28-2;s__
otu_631	d__Bacteria;p__Chloroflexota;c__Dehalococcoidia;o__SM23-28-2;f__SM23-28-2;g__SM23-28-2;s__
otu_632	d__Bacteria;p__Chloroflexota;c__Dehalococcoidia;o__SM23-28-2;f__SM23-28-2;g__SM23-28-2;s__
otu_633	d__Bacteria;p__Chloroflexota;c__Dehalococcoidia;o__SM23-28-2;f__SM23-28-2;g__SM23-28-2;s__
otu_634	d__Bacteria;p__Chloroflexota;c__Dehalococcoidia;o__SM23-28-2;f__SM23-28-2;g__SM23-28-2;s__
otu_635	d__Bacteria;p__Chloroflexota;c__Dehalococcoidia;o__SZUA-161;f__SZUA-161;g__;s__
otu_636	d__Bacteria;p__Chloroflexota;c__Dehalococcoidia;o__SZUA-161;f__SZUA-161;g__;s__
otu_637	d__Bacteria;p__Chloroflexota;c__Dehalococcoidia;o__SZUA-161;f__SZUA-161;g__;s__
otu_638	d__Bacteria;p__Chloroflexota;c__Dehalococcoidia;o__SZUA-161;f__SZUA-161;g__JACWAE01;s__
otu_639	d__Bacteria;p__Chloroflexota;c__Dehalococcoidia;o__SZUA-161;f__SZUA-161;g__JACWAE01;s__
otu_640	d__Bacteria;p__Chloroflexota;c__Dehalococcoidia;o__SZUA-161;f__SZUA-161;g__JACWAE01;s__
otu_641	d__Bacteria;p__Chloroflexota;c__Dehalococcoidia;o__SZUA-161;f__SZUA-161;g__JACWAE01;s__
otu_642	d__Bacteria;p__Chloroflexota;c__Dehalococcoidia;o__SZUA-161;f__SZUA-161;g__JACWAE01;s__
otu_643	d__Bacteria;p__Chloroflexota;c__Dehalococcoidia;o__SZUA-161;f__SZUA-161;g__JACWAE01;s__
otu_644	d__Bacteria;p__Chloroflexota;c__Dehalococcoidia;o__SZUA-161;f__SZUA-161;g__JACWAE01;s__
otu_645	d__Bacteria;p__Chloroflexota;c__Dehalococcoidia;o__SZUA-161;f__SZUA-161;g__JACWAE01;s__
otu_646	d__Bacteria;p__Chloroflexota;c__JAHJIN01;o__JAHJIN01;f__JAHJIN01;g__JAHJIN01;s__
otu_647	d__Bacteria;p__Chloroflexota;c__Limnocylindria;o__;f__;g__;s__
otu_648	d__Bacteria;p__Chloroflexota;c__Limnocylindria;o__Limnocylindrales;f__CSP1-4;g__Fen-1039;s__
otu_649	d__Bacteria;p__Chloroflexota;c__Limnocylindria;o__Limnocylindrales;f__CSP1-4;g__Fen-1039;s__
otu_650	d__Bacteria;p__Chloroflexota;c__Limnocylindria;o__Limnocylindrales;f__CSP1-4;g__Fen-1039;s__
otu_651	d__Bacteria;p__Chloroflexota;c__Limnocylindria;o__Limnocylindrales;f__CSP1-4;g__Fen-1039;s__
otu_652	d__Bacteria;p__Chloroflexota;c__Limnocylindria;o__Limnocylindrales;f__CSP1-4;g__Fen-1039;s__
otu_653	d__Bacteria;p__Chloroflexota;c__Limnocylindria;o__Limnocylindrales;f__CSP1-4;g__Fen-1039;s__
otu_654	d__Bacteria;p__Chloroflexota;c__Limnocylindria;o__Limnocylindrales;f__CSP1-4;g__Fen-1039;s__
otu_655	d__Bacteria;p__Cyanobacteriota;c__Cyanobacteriia;o__Gloeobacterales;f__PMM-0068;g__Sivonenia;s__Sivonenia alaskensis
otu_656	d__Bacteria;p__Cyanobacteriota;c__Cyanobacteriia;o__Gloeomargaritales;f__;g__;s__
otu_657	d__Bacteria;p__Deinococcota;c__;o__;f__;g__;s__
otu_658	d__Bacteria;p__Desulfobacterota;c__B13-G15;o__B13-G15;f__RBG-16-54-18;g__RBG-16-54-11;s__
otu_659	d__Bacteria;p__Desulfobacterota;c__B13-G15;o__B13-G15;f__RBG-16-54-18;g__RBG-16-54-11;s__
otu_660	d__Bacteria;p__Desulfobacterota;c__B13-G15;o__B13-G15;f__RBG-16-54-18;g__RBG-16-54-11;s__
otu_661	d__Bacteria;p__Desulfobacterota;c__BSN033;o__BSN033;f__;g__;s__
otu_662	d__Bacteria;p__Desulfobacterota;c__BSN033;o__BSN033;f__;g__;s__
otu_663	d__Bacteria;p__Desulfobacterota;c__BSN033;o__BSN033;f__UBA1163;g__;s__
otu_664	d__Bacteria;p__Desulfobacterota;c__BSN033;o__BSN033;f__UBA1163;g__;s__
otu_665	d__Bacteria;p__Desulfobacterota;c__BSN033;o__BSN033;f__UBA1163;g__;s__
otu_666	d__Bacteria;p__Desulfobacterota;c__BSN033;o__BSN033;f__UBA1163;g__;s__
otu_667	d__Bacteria;p__Desulfobacterota;c__BSN033;o__BSN033;f__UBA1163;g__;s__
otu_668	d__Bacteria;p__Desulfobacterota;c__BSN033;o__BSN033;f__UBA1163;g__;s__
otu_669	d__Bacteria;p__Desulfobacterota;c__BSN033;o__BSN033;f__UBA1163;g__;s__
otu_670	d__Bacteria;p__Desulfobacterota;c__BSN033;o__BSN033;f__UBA1163;g__;s__
otu_671	d__Bacteria;p__Desulfobacterota;c__BSN033;o__BSN033;f__UBA1163;g__DATIGG01;s__
otu_672	d__Bacteria;p__Desulfobacterota;c__BSN033;o__BSN033;f__UBA1163;g__DATIGG01;s__
otu_673	d__Bacteria;p__Desulfobacterota;c__BSN033;o__BSN033;f__UBA1163;g__DATIGG01;s__
otu_674	d__Bacteria;p__Desulfobacterota;c__BSN033;o__BSN033;f__UBA1163;g__DATIGG01;s__
otu_675	d__Bacteria;p__Desulfobacterota;c__BSN033;o__BSN033;f__UBA1163;g__DATIGG01;s__
otu_676	d__Bacteria;p__Desulfobacterota;c__BSN033;o__BSN033;f__UBA1163;g__JACAEX01;s__
otu_677	d__Bacteria;p__Desulfobacterota;c__BSN033;o__BSN033;f__UBA1163;g__JACAEX01;s__
otu_678	d__Bacteria;p__Desulfobacterota;c__BSN033;o__BSN033;f__UBA1163;g__JACAEX01;s__
otu_679	d__Bacteria;p__Desulfobacterota;c__BSN033;o__BSN033;f__UBA1163;g__JACAEX01;s__
otu_680	d__Bacteria;p__Desulfobacterota;c__BSN033;o__BSN033;f__UBA1163;g__JBFMAE01;s__
otu_681	d__Bacteria;p__Desulfobacterota;c__BSN033;o__BSN033;f__UBA1163;g__JBFMAE01;s__
otu_682	d__Bacteria;p__Desulfobacterota;c__BSN033;o__BSN033;f__UBA1163;g__JBFMAE01;s__
otu_683	d__Bacteria;p__Desulfobacterota;c__BSN033;o__BSN033;f__UBA1163;g__JBFMAE01;s__
otu_684	d__Bacteria;p__Desulfobacterota;c__BSN033;o__BSN033;f__UBA1163;g__JBFMAE01;s__
otu_685	d__Bacteria;p__Desulfobacterota;c__BSN033;o__BSN033;f__UBA1163;g__JBFMAE01;s__
otu_686	d__Bacteria;p__Desulfobacterota;c__BSN033;o__BSN033;f__UBA1163;g__JBFMAE01;s__
otu_687	d__Bacteria;p__Desulfobacterota;c__BSN033;o__BSN033;f__UBA1163;g__JBFMAE01;s__
otu_688	d__Bacteria;p__Desulfobacterota;c__BSN033;o__BSN033;f__UBA1163;g__JBFMAE01;s__
otu_689	d__Bacteria;p__Desulfobacterota;c__BSN033;o__BSN033;f__UBA1163;g__JBFMAE01;s__
otu_690	d__Bacteria;p__Desulfobacterota;c__BSN033;o__BSN033;f__UBA1163;g__JBFMAE01;s__
otu_691	d__Bacteria;p__Desulfobacterota;c__BSN033;o__BSN033;f__UBA1163;g__UBA1163;s__
otu_692	d__Bacteria;p__Desulfobacterota;c__BSN033;o__BSN033;f__UBA1163;g__UBA1163;s__
otu_693	d__Bacteria;p__Desulfobacterota;c__BSN033;o__BSN033;f__UBA1163;g__UBA1163;s__
otu_694	d__Bacteria;p__Desulfobacterota;c__BSN033;o__BSN033;f__UBA1163;g__UBA1163;s__
otu_695	d__Bacteria;p__Desulfobacterota;c__BSN033;o__BSN033;f__UBA1163;g__UBA1163;s__
otu_696	d__Bacteria;p__Desulfobacterota;c__BSN033;o__BSN033;f__UBA1163;g__UBA1163;s__
otu_697	d__Bacteria;p__Desulfobacterota;c__BSN033;o__BSN033;f__UBA1163;g__UBA1163;s__
otu_698	d__Bacteria;p__Desulfobacterota;c__BSN033;o__BSN033;f__UBA1163;g__UBA1163;s__
otu_699	d__Bacteria;p__Desulfobacterota;c__BSN033;o__BSN033;f__UBA1163;g__UBA1163;s__
otu_700	d__Bacteria;p__Desulfobacterota;c__BSN033;o__BSN033;f__UBA1163;g__UBA1163;s__
otu_701	d__Bacteria;p__Desulfobacterota;c__BSN033;o__BSN033;f__UBA1163;g__UBA1163;s__
otu_702	d__Bacteria;p__Desulfobacterota;c__BSN033;o__BSN033;f__UBA1163;g__UBA1163;s__
otu_703	d__Bacteria;p__Desulfobacterota;c__BSN033;o__BSN033;f__UBA1163;g__UBA1163;s__
otu_704	d__Bacteria;p__Desulfobacterota;c__BSN033;o__BSN033;f__UBA1163;g__UBA1163;s__
otu_705	d__Bacteria;p__Desulfobacterota;c__BSN033;o__BSN033;f__UBA1163;g__UBA1163;s__
otu_706	d__Bacteria;p__Desulfobacterota;c__BSN033;o__BSN033;f__UBA1163;g__UBA1163;s__
otu_707	d__Bacteria;p__Desulfobacterota;c__BSN033;o__BSN033;f__UBA1163;g__UBA1163;s__
otu_708	d__Bacteria;p__Desulfobacterota;c__BSN033;o__BSN033;f__UBA1163;g__UBA1163;s__
otu_709	d__Bacteria;p__Desulfobacterota;c__BSN033;o__BSN033;f__UBA1163;g__UBA1163;s__
otu_710	d__Bacteria;p__Desulfobacterota;c__BSN033;o__BSN033;f__UBA1163;g__UBA1163;s__
otu_711	d__Bacteria;p__Desulfobacterota;c__BSN033;o__BSN033;f__UBA1163;g__UBA1163;s__
otu_712	d__Bacteria;p__Desulfobacterota;c__BSN033;o__BSN033;f__UBA1163;g__UBA1163;s__
otu_713	d__Bacteria;p__Desulfobacterota;c__BSN033;o__BSN033;f__UBA1163;g__UBA1163;s__
otu_714	d__Bacteria;p__Desulfobacterota;c__BSN033;o__BSN033;f__UBA1163;g__UBA1163;s__
otu_715	d__Bacteria;p__Desulfobacterota;c__BSN033;o__BSN033;f__UBA1163;g__UBA1163;s__
otu_716	d__Bacteria;p__Desulfobacterota;c__BSN033;o__BSN033;f__UBA1163;g__UBA1163;s__
otu_717	d__Bacteria;p__Desulfobacterota;c__BSN033;o__BSN033;f__UBA1163;g__UBA1163;s__
otu_718	d__Bacteria;p__Desulfobacterota;c__BSN033;o__BSN033;f__UBA1163;g__UBA1163;s__
otu_719	d__Bacteria;p__Desulfobacterota;c__BSN033;o__BSN033;f__UBA1163;g__UBA1163;s__
otu_720	d__Bacteria;p__Desulfobacterota;c__BSN033;o__BSN033;f__UBA1163;g__UBA1163;s__
otu_721	d__Bacteria;p__Desulfobacterota;c__BSN033;o__BSN033;f__UBA1163;g__UBA1163;s__
otu_722	d__Bacteria;p__Desulfobacterota;c__Desulfobaccia;o__Desulfobaccales;f__0-14-0-80-60-11;g__0-14-0-80-60-11;s__
otu_723	d__Bacteria;p__Desulfobacterota;c__Desulfobaccia;o__Desulfobaccales;f__0-14-0-80-60-11;g__0-14-0-80-60-11;s__
otu_724	d__Bacteria;p__Desulfobacterota;c__Desulfobaccia;o__Desulfobaccales;f__0-14-0-80-60-11;g__0-14-0-80-60-11;s__
otu_725	d__Bacteria;p__Desulfobacterota;c__Desulfobacteria;o__Desulfobacterales;f__UBA2174_A;g__SpSt-501;s__SpSt-501 sp041310935
otu_726	d__Bacteria;p__Desulfobacterota;c__Desulfobulbia;o__Desulfobulbales;f__Desulfocapsaceae;g__CAIUQR01;s__
otu_727	d__Bacteria;p__Desulfobacterota;c__Desulfomonilia;o__UBA1062;f__UBA1062;g__MWEI01;s__
otu_728	d__Bacteria;p__Desulfobacterota;c__DSM-4660;o__Desulfatiglandales;f__HGW-15;g__;s__
otu_729	d__Bacteria;p__Desulfobacterota;c__DSM-4660;o__Desulfatiglandales;f__HGW-15;g__;s__
otu_730	d__Bacteria;p__Desulfobacterota;c__DSM-4660;o__Desulfatiglandales;f__HGW-15;g__JAFGDM01;s__
otu_731	d__Bacteria;p__Desulfobacterota;c__RBG-13-43-22;o__RBG-13-43-22;f__RBG-13-43-22;g__RBG-13-43-22;s__
otu_732	d__Bacteria;p__Desulfobacterota;c__SM23-61;o__SM23-61;f__SM23-61;g__;s__
otu_733	d__Bacteria;p__Desulfobacterota;c__SM23-61;o__SM23-61;f__SM23-61;g__JACRCA01;s__
otu_734	d__Bacteria;p__Desulfobacterota;c__SM23-61;o__SM23-61;f__SM23-61;g__JAHJQK01;s__
otu_735	d__Bacteria;p__Desulfobacterota;c__SM23-61;o__SM23-61;f__SM23-61;g__JAHJQK01;s__JAHJQK01 sp030654105
otu_736	d__Bacteria;p__Desulfobacterota;c__SM23-61;o__SM23-61;f__SM23-61;g__JAHJQK01;s__JAHJQK01 sp030654105
otu_737	d__Bacteria;p__Desulfobacterota;c__SM23-61;o__SM23-61;f__SM23-61;g__JAHJQK01;s__JAHJQK01 sp030654105
otu_738	d__Bacteria;p__Desulfobacterota;c__SM23-61;o__SM23-61;f__SM23-61;g__JAHJQK01;s__JAHJQK01 sp030654105
otu_739	d__Bacteria;p__Desulfobacterota;c__SM23-61;o__SM23-61;f__SM23-61;g__JAHJQK01;s__JAHJQK01 sp030654105
otu_740	d__Bacteria;p__Desulfobacterota;c__Syntrophia;o__Syntrophales;f__JACQWR01;g__;s__
otu_741	d__Bacteria;p__Desulfobacterota;c__Syntrophia;o__Syntrophales;f__Smithellaceae;g__UBA4810;s__
otu_742	d__Bacteria;p__Desulfobacterota;c__Syntrophia;o__Syntrophales;f__UBA2185;g__DATKLL01;s__
otu_743	d__Bacteria;p__Desulfobacterota;c__Syntrophia;o__Syntrophales;f__UBA2185;g__Fen-1135;s__
otu_744	d__Bacteria;p__Desulfobacterota;c__Syntrophia;o__Syntrophales;f__UBA2185;g__Fen-1135;s__
otu_745	d__Bacteria;p__Desulfobacterota;c__Syntrophia;o__Syntrophales;f__UBA2185;g__Fen-1135;s__
otu_746	d__Bacteria;p__Desulfobacterota;c__Syntrophia;o__Syntrophales;f__UBA2185;g__Fen-1135;s__
otu_747	d__Bacteria;p__Desulfobacterota;c__Syntrophia;o__Syntrophales;f__UBA2185;g__Fen-1135;s__
otu_748	d__Bacteria;p__Desulfobacterota;c__Syntrophia;o__Syntrophales;f__UBA2185;g__Fen-1135;s__
otu_749	d__Bacteria;p__Desulfobacterota;c__Syntrophia;o__Syntrophales;f__UBA2185;g__Fen-1135;s__
otu_750	d__Bacteria;p__Desulfobacterota;c__Syntrophia;o__Syntrophales;f__UBA2185;g__Fen-1135;s__Fen-1135 sp003142295
otu_751	d__Bacteria;p__Desulfobacterota;c__Syntrophia;o__Syntrophales;f__UBA2185;g__Fen-1135;s__Fen-1135 sp903893135
otu_752	d__Bacteria;p__Desulfobacterota;c__Syntrophia;o__Syntrophales;f__UBA2185;g__Fen-1135;s__Fen-1135 sp903893135
otu_753	d__Bacteria;p__Desulfobacterota;c__Syntrophia;o__Syntrophales;f__UBA2185;g__JAPLJS01;s__JAPLJS01 sp026388545
otu_754	d__Bacteria;p__Desulfobacterota;c__Syntrophia;o__Syntrophales;f__UBA2185;g__JAPLJS01;s__JAPLJS01 sp026388545
otu_755	d__Bacteria;p__Desulfobacterota;c__Syntrophia;o__Syntrophales;f__UBA2192;g__UBA2192;s__
otu_756	d__Bacteria;p__Desulfobacterota;c__Syntrophia;o__Syntrophales;f__UBA2192;g__UBA2192;s__
otu_757	d__Bacteria;p__Desulfobacterota;c__Syntrophia;o__Syntrophales;f__UBA2192;g__UBA2192;s__
otu_758	d__Bacteria;p__Desulfobacterota;c__Syntrophia;o__Syntrophales;f__UBA5619;g__UBA5619;s__
otu_759	d__Bacteria;p__Desulfobacterota;c__Syntrophia;o__Syntrophales;f__UBA5619;g__UBA5619;s__
otu_760	d__Bacteria;p__Desulfobacterota;c__Syntrophia;o__Syntrophales;f__UBA5619;g__UBA5619;s__
otu_761	d__Bacteria;p__Desulfobacterota;c__Syntrophia;o__Syntrophales;f__UBA5619;g__UBA5619;s__
otu_762	d__Bacteria;p__Desulfobacterota;c__Syntrophia;o__Syntrophales;f__UBA5619;g__UBA5619;s__UBA5619 sp003141195
otu_763	d__Bacteria;p__Desulfobacterota;c__Syntrophia;o__Syntrophales;f__UBA5619;g__UBA5619;s__UBA5619 sp003141195
otu_764	d__Bacteria;p__Desulfobacterota;c__Syntrophia;o__Syntrophales;f__UBA5619;g__UBA5619;s__UBA5619 sp003141195
otu_765	d__Bacteria;p__Desulfobacterota;c__Syntrophia;o__Syntrophales;f__UBA5619;g__UBA5619;s__UBA5619 sp003141195
otu_766	d__Bacteria;p__Desulfobacterota;c__Syntrophobacteria;o__Syntrophobacterales;f__Syntrophobacteraceae;g__;s__
otu_767	d__Bacteria;p__Desulfobacterota;c__WTBG01;o__CAIYCZ01;f__CAIYCZ01;g__JAPLIX01;s__
otu_768	d__Bacteria;p__Desulfobacterota;c__WTBG01;o__JAGOGO01;f__JAGOGO01;g__G026625185;s__
otu_769	d__Bacteria;p__Desulfobacterota;c__WTBG01;o__JAPLJA01;f__JAPLJA01;g__JAPLJA01;s__JAPLJA01 sp026388815
otu_770	d__Bacteria;p__Desulfobacterota_B;c__Binatia;o__HRBIN30;f__JAGDMS01;g__;s__
otu_771	d__Bacteria;p__Desulfobacterota_E;c__Deferrimicrobia;o__Deferrimicrobiales;f__Deferrimicrobiaceae;g__Deferrimicrobium;s__
otu_772	d__Bacteria;p__Desulfobacterota_E;c__Deferrimicrobia;o__Deferrimicrobiales;f__Deferrimicrobiaceae;g__Deferrimicrobium;s__
otu_773	d__Bacteria;p__Desulfobacterota_E;c__Deferrimicrobia;o__Deferrimicrobiales;f__Deferrimicrobiaceae;g__Deferrimicrobium;s__
otu_774	d__Bacteria;p__Desulfobacterota_E;c__Deferrimicrobia;o__Deferrimicrobiales;f__Deferrimicrobiaceae;g__Deferrimicrobium;s__
otu_775	d__Bacteria;p__Desulfobacterota_E;c__Deferrimicrobia;o__Deferrimicrobiales;f__Deferrimicrobiaceae;g__Deferrimicrobium;s__
otu_776	d__Bacteria;p__Desulfobacterota_E;c__Deferrimicrobia;o__Deferrimicrobiales;f__Deferrimicrobiaceae;g__Deferrimicrobium;s__
otu_777	d__Bacteria;p__Desulfobacterota_E;c__Deferrimicrobia;o__Deferrimicrobiales;f__Deferrimicrobiaceae;g__Deferrimicrobium;s__Deferrimicrobium sp937863105
otu_778	d__Bacteria;p__Desulfobacterota_E;c__Deferrimicrobia;o__Deferrimicrobiales;f__Deferrimicrobiaceae;g__Deferrimicrobium;s__Deferrimicrobium sp937863105
otu_779	d__Bacteria;p__Desulfobacterota_E;c__Deferrimicrobia;o__Deferrimicrobiales;f__Deferrimicrobiaceae;g__Deferrimicrobium;s__Deferrimicrobium sp937863105
otu_780	d__Bacteria;p__Desulfobacterota_G;c__Syntrophorhabdia;o__Syntrophorhabdales;f__Syntrophorhabdaceae;g__JAPLKF01;s__JAPLKF01 sp026388215
otu_781	d__Bacteria;p__Desulfobacterota_G;c__Syntrophorhabdia;o__Syntrophorhabdales;f__Syntrophorhabdaceae;g__JAPLKF01;s__JAPLKF01 sp026388215
otu_782	d__Bacteria;p__Desulfobacterota_G;c__Syntrophorhabdia;o__Syntrophorhabdales;f__Syntrophorhabdaceae;g__Syntrophorhabdus;s__
otu_783	d__Bacteria;p__Desulfobacterota_G;c__Syntrophorhabdia;o__Syntrophorhabdales;f__Syntrophorhabdaceae;g__Syntrophorhabdus;s__
otu_784	d__Bacteria;p__DRYD01;c__;o__;f__;g__;s__
otu_785	d__Bacteria;p__Eisenbacteria;c__RBG-16-71-46;o__JAFGJU01;f__JAFGJU01;g__JAPLKG01;s__
otu_786	d__Bacteria;p__Eisenbacteria;c__RBG-16-71-46;o__JAFGJU01;f__JAFGJU01;g__JAPLKG01;s__
otu_787	d__Bacteria;p__Eisenbacteria;c__RBG-16-71-46;o__JAFGJU01;f__JAFGJU01;g__JAPLKG01;s__
otu_788	d__Bacteria;p__Gemmatimonadota;c__Gemmatimonadetes;o__Gemmatimonadales;f__JACORV01;g__JADGQW01;s__
otu_789	d__Bacteria;p__JABMQX01;c__JABMQX01;o__JABMQX01;f__JABMQX01;g__;s__
otu_790	d__Bacteria;p__JABMQX01;c__JABMQX01;o__JABMQX01;f__JABMQX01;g__JAUYEE01;s__
otu_791	d__Bacteria;p__JANLFM01;c__JANLFM01;o__JANLFM01;f__JANLFM01;g__JAPLHX01;s__
otu_792	d__Bacteria;p__JAUVQV01;c__JAUVQV01;o__;f__;g__;s__
otu_793	d__Bacteria;p__Krumholzibacteriota;c__Krumholzibacteriia;o__Krumholzibacteriales;f__Krumholzibacteriaceae;g__SSS58A;s__
otu_794	d__Bacteria;p__Margulisbacteria;c__WOR-1;o__;f__;g__;s__
otu_795	d__Bacteria;p__Margulisbacteria;c__WOR-1;o__;f__;g__;s__
otu_796	d__Bacteria;p__Margulisbacteria;c__WOR-1;o__O2-12-FULL-45-9;f__;g__;s__
otu_797	d__Bacteria;p__Methylomirabilota;c__Methylomirabilia;o__;f__;g__;s__
otu_798	d__Bacteria;p__Methylomirabilota;c__Methylomirabilia;o__Methylomirabilales;f__2-02-FULL-66-22;g__2-02-FULL-66-22;s__
otu_799	d__Bacteria;p__Methylomirabilota;c__Methylomirabilia;o__Methylomirabilales;f__2-02-FULL-66-22;g__2-02-FULL-66-22;s__
otu_800	d__Bacteria;p__Methylomirabilota;c__Methylomirabilia;o__Methylomirabilales;f__2-02-FULL-66-22;g__2-02-FULL-66-22;s__
otu_801	d__Bacteria;p__Methylomirabilota;c__Methylomirabilia;o__Methylomirabilales;f__2-02-FULL-66-22;g__2-02-FULL-66-22;s__
otu_802	d__Bacteria;p__Methylomirabilota;c__Methylomirabilia;o__Methylomirabilales;f__2-02-FULL-66-22;g__2-02-FULL-66-22;s__2-02-FULL-66-22 sp041489335
otu_803	d__Bacteria;p__Methylomirabilota;c__Methylomirabilia;o__Methylomirabilales;f__2-02-FULL-66-22;g__2-02-FULL-66-22;s__2-02-FULL-66-22 sp041489335
otu_804	d__Bacteria;p__Methylomirabilota;c__Methylomirabilia;o__Methylomirabilales;f__2-02-FULL-66-22;g__2-02-FULL-66-22;s__2-02-FULL-66-22 sp041489335
otu_805	d__Bacteria;p__Methylomirabilota;c__Methylomirabilia;o__Methylomirabilales;f__JACRGL01;g__;s__
otu_806	d__Bacteria;p__Myxococcota;c__Myxococcia;o__Myxococcales;f__Anaeromyxobacteraceae;g__CAIOAK01;s__
otu_807	d__Bacteria;p__Myxococcota;c__Polyangia;o__Polyangiales;f__Polyangiaceae;g__JAFGBI01;s__
otu_808	d__Bacteria;p__Nitrospirota;c__Thermodesulfovibrionia;o__Thermodesulfovibrionales;f__Dissulfurispiraceae;g__Fen-1308;s__
otu_809	d__Bacteria;p__Nitrospirota;c__Thermodesulfovibrionia;o__Thermodesulfovibrionales;f__SM23-35;g__DYFC01;s__DYFC01 sp041658585
otu_810	d__Bacteria;p__Nitrospirota;c__Thermodesulfovibrionia;o__Thermodesulfovibrionales;f__SM23-35;g__DYFC01;s__DYFC01 sp041658585
otu_811	d__Bacteria;p__Nitrospirota;c__Thermodesulfovibrionia;o__Thermodesulfovibrionales;f__SM23-35;g__DYFC01;s__DYFC01 sp041658585
otu_812	d__Bacteria;p__Nitrospirota;c__Thermodesulfovibrionia;o__Thermodesulfovibrionales;f__SM23-35;g__DYFC01;s__DYFC01 sp041658585
otu_813	d__Bacteria;p__Nitrospirota;c__Thermodesulfovibrionia;o__Thermodesulfovibrionales;f__SM23-35;g__DYFC01;s__DYFC01 sp041658585
otu_814	d__Bacteria;p__Nitrospirota;c__Thermodesulfovibrionia;o__Thermodesulfovibrionales;f__SM23-35;g__JBGOWS01;s__
otu_815	d__Bacteria;p__Nitrospirota;c__Thermodesulfovibrionia;o__Thermodesulfovibrionales;f__UBA6898;g__JAOUFP01;s__
otu_816	d__Bacteria;p__Nitrospirota;c__Thermodesulfovibrionia;o__Thermodesulfovibrionales;f__UBA9159;g__DASPUA01;s__
otu_817	d__Bacteria;p__Nitrospirota;c__Thermodesulfovibrionia;o__Thermodesulfovibrionales;f__UBA9159;g__DASPUA01;s__
otu_818	d__Bacteria;p__Nitrospirota;c__UBA9217;o__UBA9217;f__UBA9217;g__GWC2-56-14;s__
otu_819	d__Bacteria;p__Nitrospirota;c__UBA9217;o__UBA9217;f__UBA9217;g__GWC2-56-14;s__
otu_820	d__Bacteria;p__Nitrospirota;c__UBA9217;o__UBA9217;f__UBA9217;g__JAAXXJ01;s__
otu_821	d__Bacteria;p__Nitrospirota;c__UBA9217;o__UBA9217;f__UBA9217;g__JAAXXJ01;s__
otu_822	d__Bacteria;p__Nitrospirota;c__UBA9217;o__UBA9217;f__UBA9217;g__JAAXXJ01;s__
otu_823	d__Bacteria;p__Nitrospirota;c__UBA9217;o__UBA9217;f__UBA9217;g__JAAXXJ01;s__
otu_824	d__Bacteria;p__Nitrospirota;c__UBA9217;o__UBA9217;f__UBA9217;g__JAAXXJ01;s__
otu_825	d__Bacteria;p__Nitrospirota;c__UBA9217;o__UBA9217;f__UBA9217;g__JAAXXJ01;s__
otu_826	d__Bacteria;p__Nitrospirota;c__UBA9217;o__UBA9217;f__UBA9217;g__JAAXXJ01;s__
otu_827	d__Bacteria;p__Nitrospirota;c__UBA9217;o__UBA9217;f__UBA9217;g__JAKAHZ01;s__
otu_828	d__Bacteria;p__Nitrospirota;c__UBA9217;o__UBA9217;f__UBA9217;g__JALNZF01;s__
otu_829	d__Bacteria;p__Nitrospirota;c__UBA9217;o__UBA9217;f__UBA9217;g__JALNZF01;s__
otu_830	d__Bacteria;p__Nitrospirota;c__UBA9217;o__UBA9217;f__UBA9217;g__JALNZF01;s__
otu_831	d__Bacteria;p__Nitrospirota;c__UBA9217;o__UBA9217;f__UBA9217;g__JALNZF01;s__
otu_832	d__Bacteria;p__Nitrospirota;c__UBA9217;o__UBA9217;f__UBA9217;g__JALNZF01;s__
otu_833	d__Bacteria;p__Nitrospirota;c__UBA9217;o__UBA9217;f__UBA9217;g__JALNZF01;s__
otu_834	d__Bacteria;p__Nitrospirota;c__UBA9217;o__UBA9217;f__UBA9217;g__JALNZF01;s__
otu_835	d__Bacteria;p__Nitrospirota;c__UBA9217;o__UBA9217;f__UBA9217;g__JALNZF01;s__
otu_836	d__Bacteria;p__Nitrospirota;c__UBA9217;o__UBA9217;f__UBA9217;g__JALNZF01;s__
otu_837	d__Bacteria;p__Omnitrophota;c__Koll11;o__Gygaellales;f__Profunditerraquicolaceae;g__;s__
otu_838	d__Bacteria;p__Omnitrophota;c__Koll11;o__Gygaellales;f__Profunditerraquicolaceae;g__;s__
otu_839	d__Bacteria;p__Omnitrophota;c__Koll11;o__Gygaellales;f__Profunditerraquicolaceae;g__;s__
otu_840	d__Bacteria;p__Omnitrophota;c__Koll11;o__Gygaellales;f__Profunditerraquicolaceae;g__;s__
otu_841	d__Bacteria;p__Omnitrophota;c__Koll11;o__Gygaellales;f__Profunditerraquicolaceae;g__;s__
otu_842	d__Bacteria;p__Omnitrophota;c__Koll11;o__Gygaellales;f__Profunditerraquicolaceae;g__;s__
otu_843	d__Bacteria;p__Omnitrophota;c__Koll11;o__Gygaellales;f__Profunditerraquicolaceae;g__DATJPP01;s__
otu_844	d__Bacteria;p__Omnitrophota;c__Koll11;o__Gygaellales;f__Profunditerraquicolaceae;g__JAPLLU01;s__
otu_845	d__Bacteria;p__Omnitrophota;c__Koll11;o__Gygaellales;f__Profunditerraquicolaceae;g__RBG-13-41-10;s__
otu_846	d__Bacteria;p__Omnitrophota;c__Koll11;o__Gygaellales;f__Profunditerraquicolaceae;g__RBG-13-41-10;s__
otu_847	d__Bacteria;p__Omnitrophota;c__Koll11;o__Gygaellales;f__Profunditerraquicolaceae;g__UBA6249;s__
otu_848	d__Bacteria;p__Omnitrophota;c__Koll11;o__Pluralincolimonadales;f__Pluralincolimonadaceae;g__;s__
otu_849	d__Bacteria;p__Patescibacteriota;c__Doudnabacteria;o__UBA920;f__UBA920;g__;s__
otu_850	d__Bacteria;p__Patescibacteriota;c__Kazan-3B-28;o__Kazan-3B-28;f__Kazan-3B-28;g__;s__
otu_851	d__Bacteria;p__Patescibacteriota;c__Microgenomatia;o__Curtissbacterales;f__DATCJB01;g__;s__
otu_852	d__Bacteria;p__Patescibacteriota;c__Microgenomatia;o__GWA2-44-7;f__UBA8517;g__HO2-FULL-38-9;s__
otu_853	d__Bacteria;p__Patescibacteriota;c__Microgenomatia;o__GWA2-44-7;f__UBA8517;g__JAPLZT01;s__
otu_854	d__Bacteria;p__Patescibacteriota;c__Microgenomatia;o__Levybacterales;f__UBA12049;g__DATKGX01;s__
otu_855	d__Bacteria;p__Patescibacteriota;c__Microgenomatia;o__PFEM01;f__JAPLYW01;g__;s__
otu_856	d__Bacteria;p__Patescibacteriota;c__Microgenomatia;o__PFEM01;f__JAPLYW01;g__;s__
otu_857	d__Bacteria;p__Patescibacteriota;c__Microgenomatia;o__UBA10105;f__UBA927;g__;s__
otu_858	d__Bacteria;p__Patescibacteriota;c__Microgenomatia;o__UBA10105;f__UBA927;g__DATKGN01;s__
otu_859	d__Bacteria;p__Patescibacteriota;c__Microgenomatia;o__UBA10105;f__UBA927;g__UBA10108;s__
otu_860	d__Bacteria;p__Patescibacteriota;c__Microgenomatia;o__UBA1400;f__UBA1400;g__;s__
otu_861	d__Bacteria;p__Patescibacteriota;c__Microgenomatia;o__UM-FILTER-40-11;f__UM-FILTER-40-11;g__;s__
otu_862	d__Bacteria;p__Patescibacteriota;c__Minisyncoccia;o__Minisyncoccales;f__CG1-02-41-26;g__JAUXAO01;s__
otu_863	d__Bacteria;p__Patescibacteriota;c__Minisyncoccia;o__Minisyncoccales;f__GBS-2;g__;s__
otu_864	d__Bacteria;p__Patescibacteriota;c__Minisyncoccia;o__Minisyncoccales;f__RBG-13-42-11;g__JAPLXL01;s__JAPLXL01 sp026396115
otu_865	d__Bacteria;p__Patescibacteriota;c__Minisyncoccia;o__Minisyncoccales;f__Staskawiczbacteraceae;g__XYD1-FULL-39-28;s__
otu_866	d__Bacteria;p__Patescibacteriota;c__Minisyncoccia;o__Portnoybacterales;f__GWB1-42-6;g__JAHIST01;s__
otu_867	d__Bacteria;p__Patescibacteriota;c__Minisyncoccia;o__Portnoybacterales;f__GWB1-42-6;g__JAHIST01;s__
otu_868	d__Bacteria;p__Patescibacteriota;c__Minisyncoccia;o__RBG-13-40-8-A;f__RBG-13-40-8-A;g__JAKJED01;s__
otu_869	d__Bacteria;p__Patescibacteriota;c__Minisyncoccia;o__UBA6257;f__GWB1-50-10;g__JBBTQX01;s__
otu_870	d__Bacteria;p__Patescibacteriota;c__Minisyncoccia;o__UBA6257;f__UBA6257;g__JAAZNP01;s__
otu_871	d__Bacteria;p__Patescibacteriota;c__Minisyncoccia;o__UBA6257;f__UBA6257;g__JAAZNP01;s__
otu_872	d__Bacteria;p__Patescibacteriota;c__Minisyncoccia;o__UBA9973;f__GWA1-40-21;g__Bog-1340;s__
otu_873	d__Bacteria;p__Patescibacteriota;c__Minisyncoccia;o__UBA9973;f__PALSA-1337;g__C7867-002;s__
otu_874	d__Bacteria;p__Patescibacteriota;c__Patescibacteriia;o__2-12-FULL-60-25;f__2-12-FULL-60-25;g__;s__
otu_875	d__Bacteria;p__Patescibacteriota;c__WWE3;o__UBA101185;f__UBA10185;g__JAAZNV01;s__
otu_876	d__Bacteria;p__Patescibacteriota;c__WWE3;o__UBA101185;f__UBA10185;g__JAAZNV01;s__
otu_877	d__Bacteria;p__Planctomycetota;c__Phycisphaerae;o__FEN-1346;f__FEN-1346;g__VGYT01;s__
otu_878	d__Bacteria;p__Planctomycetota;c__Phycisphaerae;o__Sedimentisphaerales;f__Anaerobacaceae;g__;s__
otu_879	d__Bacteria;p__Planctomycetota;c__Phycisphaerae;o__Sedimentisphaerales;f__Anaerobacaceae;g__;s__
otu_880	d__Bacteria;p__Planctomycetota;c__Phycisphaerae;o__Sedimentisphaerales;f__Anaerobacaceae;g__;s__
otu_881	d__Bacteria;p__Planctomycetota;c__Phycisphaerae;o__Sedimentisphaerales;f__Anaerobacaceae;g__;s__
otu_882	d__Bacteria;p__Planctomycetota;c__Phycisphaerae;o__Sedimentisphaerales;f__Anaerobacaceae;g__;s__
otu_883	d__Bacteria;p__Planctomycetota;c__Phycisphaerae;o__Sedimentisphaerales;f__Anaerobacaceae;g__;s__
otu_884	d__Bacteria;p__Planctomycetota;c__Phycisphaerae;o__Sedimentisphaerales;f__Anaerobacaceae;g__;s__
otu_885	d__Bacteria;p__Planctomycetota;c__Phycisphaerae;o__Sedimentisphaerales;f__Anaerobacaceae;g__;s__
otu_886	d__Bacteria;p__Planctomycetota;c__Phycisphaerae;o__Sedimentisphaerales;f__Anaerobacaceae;g__;s__
otu_887	d__Bacteria;p__Planctomycetota;c__Phycisphaerae;o__Sedimentisphaerales;f__Anaerobacaceae;g__;s__
otu_888	d__Bacteria;p__Planctomycetota;c__Phycisphaerae;o__Sedimentisphaerales;f__Anaerobacaceae;g__CAIYOL01;s__
otu_889	d__Bacteria;p__Planctomycetota;c__Phycisphaerae;o__Sedimentisphaerales;f__Anaerobacaceae;g__CAIYOL01;s__
otu_890	d__Bacteria;p__Planctomycetota;c__Phycisphaerae;o__Sedimentisphaerales;f__Anaerobacaceae;g__CAIYOL01;s__
otu_891	d__Bacteria;p__Planctomycetota;c__Phycisphaerae;o__Sedimentisphaerales;f__Anaerobacaceae;g__CAIYOL01;s__
otu_892	d__Bacteria;p__Planctomycetota;c__Phycisphaerae;o__Sedimentisphaerales;f__Anaerobacaceae;g__CAIYOL01;s__
otu_893	d__Bacteria;p__Planctomycetota;c__Phycisphaerae;o__Sedimentisphaerales;f__Anaerobacaceae;g__CAIYOL01;s__
otu_894	d__Bacteria;p__Planctomycetota;c__Phycisphaerae;o__Sedimentisphaerales;f__Anaerobacaceae;g__CAIYOL01;s__
otu_895	d__Bacteria;p__Planctomycetota;c__Phycisphaerae;o__Sedimentisphaerales;f__Anaerobacaceae;g__CAIYOL01;s__
otu_896	d__Bacteria;p__Planctomycetota;c__Phycisphaerae;o__Sedimentisphaerales;f__Anaerobacaceae;g__CAIYOL01;s__
otu_897	d__Bacteria;p__Planctomycetota;c__Phycisphaerae;o__Sedimentisphaerales;f__Anaerobacaceae;g__Fen-1359;s__
otu_898	d__Bacteria;p__Planctomycetota;c__Phycisphaerae;o__Sedimentisphaerales;f__Anaerobacaceae;g__Fen-1359;s__
otu_899	d__Bacteria;p__Planctomycetota;c__Phycisphaerae;o__Sedimentisphaerales;f__Anaerobacaceae;g__Fen-1362;s__
otu_900	d__Bacteria;p__Planctomycetota;c__Phycisphaerae;o__Sedimentisphaerales;f__Anaerobacaceae;g__Fen-1362;s__
